fecha,licencia_unidades,licencia_area,licencia_unidades_Vis,licencia_unidades_NoVis,licencia_area_ Vis,licencia_area_NoVis,cemento_gris_prod,cemento_gris_desp,cemento_gris_desp_concreteras,cemento_gris_desp_comercialización,cemento_gris_desp_constructores_contratistas,cemento_gris_desp_otros,dtf,pib_const,pib_total,inflacion,dolar,oil Brent,OIL WTI,ISE,ICC,IEC,ICE,comercio_minorista,desempleo,CONSTRUCCIÓN,REVESTIMIENTOS,BAÑOS Y COCINAS,ELECTRO HOGAR,PINTURAS,MUEBLES,HERRAMIENTAS,ELECTRICIDAD,PLOMERÍA,MADERAS,FERRETERÍA,REMODELACIÓN RADDAR,licencia_area/und,licencia_area/und_Vis,licencia_area/und_No_Vis
2002-05-01,,,,,,,,,,,,,,,,5.84,2310.24,,,,-14.6,-5.3,-28.5,,14.42535005,,,,,,,,,,,,,,,
2002-06-01,,,,,,,,,,,,,,,,6.25,2364.25,,,,3.6,16.5,-15.9,,16.25253289,,,,,,,,,,,,,,,
2002-07-01,,,,,,,,,,,,,,,,6.16,2506.72,,,,-5.0,9.2,-26.4,,15.4082957,,,,,,,,,,,,,,,
2002-08-01,,,,,,,,,,,,,,,,5.98,2647.22,,,,3.3,17.9,-18.5,,15.78417474,,,,,,,,,,,,,,,
2002-09-01,,,,,,,,,,,,,,,,5.97,2751.23,,,,-6.1,6.8,-25.6,,14.55545571,,,,,,,,,,,,,,,
2002-10-01,,,,,,,,,,,,,,,,6.37,2827.86,,,,-4.4,7.8,-22.6,,14.80876409,,,,,,,,,,,,,,,
2002-11-01,,,,,,,,,,,,,,,,7.07,2726.66,,,,-1.5,10.4,-19.4,,14.70761544,,,,,,,,,,,,,,,
2002-12-01,,,,,,,,,,,,,,,,6.99,2814.89,,,,6.1,15.7,-8.3,,15.7729772,,,,,,,,,,,,,,,
2003-01-01,,,,,,,,,,,,,,,,7.39,2913.0,30.71,33.51,,0.8,12.4,-16.6,,16.11507875,,,,,,,,,,,,,,,
2003-02-01,,,,,,,,,,,,,,,,7.24,2951.86,32.63,36.6,,-1.3,8.5,-16.1,,16.28194915,,,,,,,,,,,,,,,
2003-03-01,,,,,,,,,,,,,,,,7.6,2959.01,27.22,31.04,,-7.8,-0.2,-19.3,,12.98352182,,,,,,,,,,,,,,,
2003-04-01,,,,,,,,,,,,,,,,7.85,2926.62,23.72,25.8,,-8.5,-0.9,-19.9,,14.80115283,,,,,,,,,,,,,,,
2003-05-01,,,,,,,,,,,,,,,,7.73,2858.94,26.71,29.56,,-1.6,7.3,-14.8,,12.89302504,,,,,,,,,,,,,,,
2003-06-01,,,,,,,,,,,,,,,,7.21,2826.95,27.11,30.19,,5.3,16.9,-12.1,,14.13568081,,,,,,,,,,,,,,,
2003-07-01,,,,,,,,,,,,,,,,7.04,2858.82,27.52,30.54,,1.9,12.3,-13.7,,14.44336407,,,,,,,,,,,,,,,
2003-08-01,,,,,,,,,,,,,,,,7.26,2867.29,28.9,31.57,,9.9,21.1,-6.8,,14.43358237,,,,,,,,,,,,,,,
2003-09-01,,,,,,,,,,,,,,,,7.11,2840.08,26.82,29.2,,5.0,14.0,-8.5,,14.25878744,,,,,,,,,,,,,,,
2003-10-01,,,,,,,,,,,,,,,,6.58,2876.2,27.17,29.11,,5.9,16.0,-9.3,,13.70086656,,,,,,,,,,,,,,,
2003-11-01,,,,,,,,,,,,,,,,6.13,2844.55,28.45,30.41,,4.9,11.3,-4.8,,12.91168254,,,,,,,,,,,,,,,
2003-12-01,,,,,,,,,,,,,,,,6.49,2807.2,29.87,32.52,,14.5,27.0,-4.3,,12.18556213,,,,,,,,,,,,,,,
2004-01-01,,,,,,,,,,,,,,,,6.19,2749.14,28.68,33.05,,25.7,39.6,4.9,,17.00307251,,,,,,,,,,,,,,,
2004-02-01,,,,,,,,,,,,,,,,6.28,2717.94,31.13,36.16,,16.0,25.3,1.9,,15.68759781,,,,,,,,,,,,,,,
2004-03-01,,,,,,,,,,,,,,,,6.21,2670.8,31.49,35.76,,13.0,23.7,-3.0,,13.62383777,,,,,,,,,,,,,,,
2004-04-01,,,,,,,,,,,,,,,,5.49,2639.6,33.99,37.38,,13.4,22.1,0.3,,14.67709659,,,,,,,,,,,,,,,
2004-05-01,,,,,,,,,,,,,,,,5.37,2719.43,36.17,39.88,,12.4,18.2,3.8,,13.7523369,,,,,,,,,,,,,,,
2004-06-01,,,,,,,,,,,,,,,,6.07,2716.56,32.68,37.05,,12.7,19.6,2.4,,13.99568954,,,,,,,,,,,,,,,
2004-07-01,,,,,,,,,,,,,,,,6.19,2653.32,38.69,43.8,,13.8,21.0,2.9,,12.94004436,,,,,,,,,,,,,,,
2004-08-01,,,,,,,,,,,,,,,,5.89,2598.59,38.15,42.12,,10.3,15.5,2.6,,13.08511124,,,,,,,,,,,,,,,
2004-09-01,,,,,,,,,,,,,,,,5.97,2552.78,43.39,49.64,,5.9,9.9,-0.1,,12.51466664,,,,,,,,,,,,,,,
2004-10-01,,,,,,,,,,,,,,,,5.9,2580.7,43.39,51.76,,9.1,13.1,3.2,,12.59418515,,,,,,,,,,,,,,,
2004-11-01,,,,,,,,,,,,,,,,5.82,2530.19,39.77,49.13,,15.7,21.1,7.7,,11.77697423,,,,,,,,,,,,,,,
2004-12-01,,,,,,,,,,,,,,,,5.5,2411.37,36.43,43.45,,12.9,19.2,3.5,,12.07074345,,,,,,,,,,,,,,,
2005-01-01,8249.0,744461.0,3666.0,4583.0,209420.0,535041.0,,,,,,,,7804.72074219042,126279.071798625,5.43,2362.96,40.95,48.2,63.68512693888682,19.3,26.6,8.3,,13.21831327,,,,,,,,,,,,,90.24863619832708,57.12493180578287,116.74470870608772
2005-02-01,8463.0,854551.0,3703.0,4760.0,203483.0,651068.0,,,,,,,,7804.72074219042,126279.071798625,5.25,2340.49,46.26,51.75,64.01346996785897,13.9,18.9,6.5,,14.22921428,,,,,,,,,,,,,100.97494978140139,54.95085066162571,136.77899159663866
2005-03-01,9451.0,901099.0,3579.0,5872.0,199498.0,701601.0,,,,,,,,7804.72074219042,126279.071798625,5.03,2353.71,50.23,55.4,64.52717343837396,9.6,12.8,4.8,,12.94836377,,,,,,,,,,,,,95.34430219024442,55.741268510757195,119.4824591280654
2005-04-01,6668.0,701593.0,2274.0,4394.0,131579.0,570014.0,,,,,,,,7194.89610838398,128498.512608425,5.01,2350.01,47.9,49.72,64.96234404956532,13.3,16.9,8.0,,12.06115063,,,,,,,,,,,,,105.21790641871625,57.86235708003518,129.7255348202094
2005-05-01,9063.0,908455.0,3766.0,5297.0,236542.0,671913.0,,,,,,,,7194.89610838398,128498.512608425,5.04,2339.22,47.6,51.97,63.93547550456648,14.1,14.7,13.0,,12.30539816,,,,,,,,,,,,,100.23777998455257,62.80987785448752,126.84783839909383
2005-06-01,11021.0,1117745.0,4107.0,6914.0,169033.0,948712.0,,,,,,,,7194.89610838398,128498.512608425,4.83,2331.79,52.01,56.5,64.6056422016097,18.7,21.1,15.0,,11.52329393,,,,,,,,,,,,,101.41956265311677,41.157292427562695,137.21608330922766
2005-07-01,6707.0,746944.0,1857.0,4850.0,108525.0,638419.0,,,,,,,,7129.94041945715,128968.20301021,4.91,2323.38,54.2,60.57,63.99524026394218,21.9,27.0,14.3,,11.99608609,,,,,,,,,,,,,111.36782466080214,58.44103392568659,131.63278350515463
2005-08-01,7663.0,758400.0,2790.0,4873.0,139336.0,619064.0,,,,,,,,7129.94041945715,128968.20301021,4.88,2306.19,61.1,68.94,64.97848172849719,28.0,33.2,20.1,,11.75437991,,,,,,,,,,,,,98.96907216494846,49.94121863799283,127.03960599220193
2005-09-01,8305.0,791829.0,3387.0,4918.0,178530.0,613299.0,,,,,,,,7129.94041945715,128968.20301021,5.02,2294.52,58.02,66.24,64.68084109600206,18.9,21.9,14.3,,11.1717549,,,,,,,,,,,,,95.34364840457556,52.71036315323295,124.70496136640911
2005-10-01,9120.0,759688.0,3380.0,5740.0,179676.0,580012.0,,,,,,,,7678.44272298815,131107.212721774,5.27,2292.55,52.99,59.76,64.8633388948381,18.7,19.3,17.8,,9.955011808,,,,,,,,,,,,,83.29912280701754,53.158579881656806,101.04738675958188
2005-11-01,10900.0,857452.0,6436.0,4464.0,278718.0,578734.0,,,,,,,,7678.44272298815,131107.212721774,5.1,2279.85,49.69,57.32,65.41457823792044,18.8,20.3,16.5,,10.20739598,,,,,,,,,,,,,78.66532110091742,43.306090739589806,129.64471326164875
2005-12-01,8745.0,753126.0,2985.0,5760.0,157898.0,595228.0,,,,,,,,7678.44272298815,131107.212721774,4.85,2278.91,53.47,61.04,66.79360926749521,22.6,27.6,14.9,,10.33438519,,,,,,,,,,,,,86.12075471698114,52.89715242881072,103.33819444444444
2006-01-01,11880.0,1030429.0,6229.0,5651.0,335249.0,695180.0,,,,,,,,8310.84026831861,133876.263747997,4.56,2273.66,60.4,67.92,66.71124625927052,26.7,31.1,20.2,,13.40846018,,,,,,,,,,,,,86.73644781144782,53.820677476320434,123.01893470182269
2006-02-01,8296.0,914729.0,2170.0,6126.0,129200.0,785529.0,,,,,,,,8310.84026831861,133876.263747997,4.19,2256.24,56.01,61.41,67.098276882072,25.1,28.1,20.6,,12.99960174,,,,,,,,,,,,,110.26145130183221,59.53917050691244,128.2286973555338
2006-03-01,9246.0,921596.0,3323.0,5923.0,208073.0,713523.0,,,,,,,,8310.84026831861,133876.263747997,4.11,2262.36,61.17,66.63,67.79072982460373,30.0,32.8,25.8,,11.34409893,,,,,,,,,,,,,99.67510274713389,62.61600962985254,120.46648657774776
2006-04-01,6068.0,654496.0,1536.0,4532.0,94667.0,559829.0,,,,,,,,7777.86540886462,135915.207852862,4.12,2334.29,65.48,71.88,67.55664432132168,29.7,29.7,29.7,,12.00988942,,,,,,,,,,,,,107.86025049439684,61.632161458333336,123.52802294792586
2006-05-01,11087.0,1047855.0,4662.0,6425.0,270990.0,776865.0,,,,,,,,7777.86540886462,135915.207852862,4.04,2417.99,64.88,71.29,68.17537926247276,32.2,31.7,33.0,,11.88368443,,,,,,,,,,,,,94.51204112925048,58.12741312741313,120.91284046692607
2006-06-01,9379.0,866403.0,3883.0,5496.0,209946.0,656457.0,,,,,,,,7777.86540886462,135915.207852862,3.94,2542.24,67.29,73.93,67.9387398732276,34.3,34.8,33.6,,10.6070967,,,,,,,,,,,,,92.3769058535025,54.06798866855524,119.44268558951966
2006-07-01,10140.0,990718.0,4317.0,5823.0,248282.0,742436.0,,,,,,,,8305.91943806662,138828.075309261,4.32,2511.74,68.42,74.4,68.62126215497442,29.8,29.3,30.5,,12.38913501,,,,,,,,,,,,,97.70394477317554,57.512624507760016,127.50060106474326
2006-08-01,11725.0,1062024.0,3750.0,7975.0,192430.0,869594.0,,,,,,,,8305.91943806662,138828.075309261,4.72,2389.65,65.18,70.26,69.48342635437442,32.6,32.1,33.4,,12.79221919,,,,,,,,,,,,,90.57773987206824,51.31466666666667,109.04
2006-09-01,9721.0,1038725.0,2920.0,6801.0,159822.0,878903.0,,,,,,,,8305.91943806662,138828.075309261,4.58,2398.88,57.38,62.91,69.94925988830396,25.3,23.6,27.9,,12.89016708,,,,,,,,,,,,,106.8537187532147,54.733561643835614,129.23143655344802
2006-10-01,11216.0,1161237.0,4107.0,7109.0,280749.0,880488.0,,,,,,,,9032.37488475013,140815.453089879,4.19,2364.29,53.37,58.73,69.99266280666905,32.2,30.1,35.3,,11.35472642,,,,,,,,,,,,,103.53396932952924,68.35865595325055,123.85539457026304
2006-11-01,10620.0,1052843.0,3923.0,6697.0,209676.0,843167.0,,,,,,,,9032.37488475013,140815.453089879,4.31,2290.46,58.71,63.13,71.04520761975171,31.9,30.1,34.5,,10.93813188,,,,,,,,,,,,,99.13775894538607,53.44787152689268,125.90219501269225
2006-12-01,13217.0,1331276.0,5147.0,8070.0,343978.0,987298.0,,,,,,,,9032.37488475013,140815.453089879,4.48,2261.33526315789,55.97,61.05,70.21285704380549,37.1,34.6,40.8,,11.78275451,,,,,,,,,,,,,100.72452144964818,66.83077520885954,122.34175960346964
2007-01-01,11430.0,1082656.0,5207.0,6223.0,310911.0,771745.0,,,,,,,,9096.8590584323,143092.430404202,4.71,2237.06,52.62,58.14,70.90580218536469,31.9,32.3,31.2,,13.89529676,,,,,,,,,,,,,94.72055993000875,59.71019781063952,124.01494456050136
2007-02-01,13408.0,1305301.0,5612.0,7796.0,282109.0,1023192.0,,,,,,,,9096.8590584323,143092.430404202,5.25,2227.63,56.69,61.79,71.58864783664036,30.2,31.0,28.9,,12.82617306,,,,,,,,,,,,,97.35240155131265,50.268888096935136,131.24576706003077
2007-03-01,13087.0,1243597.0,6400.0,6687.0,337526.0,906071.0,,,,,,,,9096.8590584323,143092.430404202,5.78,2201.39,63.79,65.87,72.18898239265194,30.1,29.7,30.8,,11.92744036,,,,,,,,,,,,,95.02536868648276,52.7384375,135.4973829819052
2007-04-01,8808.0,934725.0,1994.0,6814.0,118495.0,816230.0,,,,,,,,8906.44644817924,145191.257540809,6.26,2144.6,64.26,65.71,71.59830576784172,30.0,28.7,32.0,,10.90377088,,,,,,,,,,,,,106.12227520435967,59.42577733199599,119.7872028177282
2007-05-01,10097.0,1013236.0,3363.0,6734.0,186956.0,826280.0,,,,,,,,8906.44644817924,145191.257540809,6.23,2007.91,64.45,64.01,72.38246850767081,21.8,16.0,30.5,,11.5288658,,,,,,,,,,,,,100.35020303060315,55.59203092476955,122.70270270270271
2007-06-01,10694.0,1115977.0,3864.0,6830.0,212544.0,903433.0,,,,,,,,8906.44644817924,145191.257540809,6.03,1923.76,68.02,70.68,73.02103830122864,25.1,20.3,32.4,,11.16483113,,,,,,,,,,,,,104.35543295305779,55.006211180124225,132.27423133235726
2007-07-01,11714.0,1260985.0,3541.0,8173.0,210141.0,1050844.0,,,,,,,,8630.18875268811,148244.522760203,5.77,1950.87,72.56,78.21,72.86232057248529,28.6,23.9,35.7,,11.15951312,,,,,,,,,,,,,107.64768652893973,59.34510025416549,128.57506423589868
2007-08-01,12828.0,1160827.0,5567.0,7261.0,299403.0,861424.0,,,,,,,,8630.18875268811,148244.522760203,5.22,2058.28,69.7,74.04,73.69088277600524,28.5,26.7,31.2,,10.73138774,,,,,,,,,,,,,90.4916588712192,53.781749595832586,118.6371023275031
2007-09-01,14842.0,1281102.0,6153.0,8689.0,325727.0,955375.0,,,,,,,,8630.18875268811,148244.522760203,5.01,2117.05,77.43,81.66,73.98060051968905,30.8,28.8,33.7,,10.83627578,,,,,,,,,,,,,86.31599514890176,52.93791646351373,109.95223846242375
2007-10-01,12481.0,1288296.0,4279.0,8202.0,249956.0,1038340.0,,,,,,,,9113.50574070036,149928.789294786,5.16,2003.26,84.76,94.53,74.3882982544082,37.7,37.2,38.5,,10.04785397,,,,,,,,,,,,,103.22057527441711,58.41458284645945,126.59595220677883
2007-11-01,8197.0,894752.0,2164.0,6033.0,134294.0,760458.0,,,,,,,,9113.50574070036,149928.789294786,5.41,2047.72,85.72,88.71,75.27643588114243,31.9,31.1,33.1,,9.415747072,,,,,,,,,,,,,109.15603269488837,62.05822550831793,126.04972650422675
2007-12-01,14061.0,1398646.0,4540.0,9521.0,298543.0,1100103.0,,,,,,,,9113.50574070036,149928.789294786,5.69,2014.2015,90.7,95.98,74.70691734694559,34.0,33.1,35.5,,9.893867593,,,,,,,,,,,,,99.46988123177583,65.75837004405287,115.54490074571999
2008-01-01,12379.0,1186973.0,3529.0,8850.0,185554.0,1001419.0,,,,,,,,9469.73052230383,150237.463015268,6.0,1980.59,87.92,91.75,75.48079987302951,31.3,32.8,29.0,,13.07903208,,,,,,,,,,,,,95.8860166410857,52.57976763955795,113.15468926553672
2008-02-01,9934.0,969472.0,3213.0,6721.0,174987.0,794485.0,,,,,,,,9469.73052230383,150237.463015268,6.35,1903.27,96.35,101.84,75.29959422175165,23.7,26.3,19.7,,11.98549808,,,,,,,,,,,,,97.59130259714114,54.46218487394958,118.20934384764172
2008-03-01,7280.0,752927.0,2391.0,4889.0,128247.0,624680.0,,,,,,,,9469.73052230383,150237.463015268,5.93,1846.9,98.63,101.58,74.70227124483985,30.9,34.5,25.6,,11.22450324,,,,,,,,,,,,,103.42403846153846,53.637390213299874,127.77255062384945
2008-04-01,9202.0,938629.0,3062.0,6140.0,173757.0,764872.0,,,,,,,,10114.7209302787,151619.768514737,5.73,1796.13,107.33,113.46,75.37908205921813,29.6,29.5,29.8,,11.12925622,,,,,,,,,,,,,102.0027168006955,56.74624428478119,124.57198697068404
2008-05-01,10301.0,1049414.0,2865.0,7436.0,171859.0,877555.0,,,,,,,,10114.7209302787,151619.768514737,6.39,1778.01,121.68,127.35,74.69195340021244,21.4,22.3,20.1,,10.83821746,,,,,,,,,,,,,101.8749635957674,59.98568935427574,118.01438945669715
2008-06-01,7147.0,811248.0,1901.0,5246.0,121274.0,689974.0,,,,,,,,10114.7209302787,151619.768514737,7.18,1712.28,136.03,140.0,75.17759394186679,11.4,10.0,13.5,,11.17248897,,,,,,,,,,,,,113.50888484678886,63.79484481851657,131.52382767823104
2008-07-01,14858.0,1438399.0,7741.0,7117.0,449362.0,989037.0,,,,,,,,10492.5838976592,153324.034138206,7.52,1783.09,122.48,124.08,76.2204144153759,21.7,24.3,18.0,,12.06383104,,,,,,,,,,,,,96.80973213083861,58.049605994057615,138.96824504707038
2008-08-01,8974.0,868939.0,2291.0,6683.0,122416.0,746523.0,,,,,,,,10492.5838976592,153324.034138206,7.87,1844.29,111.23,115.46,75.76945139667934,18.3,19.4,16.6,,11.21594678,,,,,,,,,,,,,96.82850456875418,53.43343518114361,111.70477330540177
2008-09-01,14671.0,1348808.0,5246.0,9425.0,271124.0,1077684.0,,,,,,,,10492.5838976592,153324.034138206,7.57,2066.04,90.32,100.64,75.94964453942636,14.8,14.5,15.3,,10.94842252,,,,,,,,,,,,,91.9370186081385,51.68204346168509,114.3431299734748
2008-10-01,9742.0,987534.0,3686.0,6056.0,210528.0,777006.0,,,,,,,,9211.96464975832,150531.734331788,7.94,2289.17,57.43,67.81,75.77494758052528,6.7,7.5,5.6,,10.12322728,,,,,,,,,,,,,101.36871278998153,57.11557243624525,128.30350066050198
2008-11-01,8659.0,796999.0,2854.0,5805.0,140631.0,656368.0,,,,,,,,9211.96464975832,150531.734331788,7.73,2329.16,47.22,54.43,74.31393749878674,3.8,4.9,2.1,,10.80144535,,,,,,,,,,,,,92.04284559417947,49.275052557813595,113.06942291128338
2008-12-01,9905.0,853005.0,3624.0,6281.0,205286.0,647719.0,,,,,,,,9211.96464975832,150531.734331788,7.67,2252.72,35.58,44.6,74.94563586659046,2.7,0.8,5.4,,10.60680816,,,,,,,,,,,,,86.11862695608279,56.6462472406181,103.12354720585894
2009-01-01,7666.0,698387.0,3219.0,4447.0,179000.0,519387.0,,,,,,,,9598.47202521972,151297.502889677,7.18,2252.98,42.02,41.68,74.52411513371364,8.6,13.9,0.7,,14.24857909,,,,,,,,,,,,,91.1018784242108,55.607331469400435,116.79491792219474
2009-02-01,7472.0,713577.0,2567.0,4905.0,149538.0,564039.0,,,,,,,,9598.47202521972,151297.502889677,6.47,2513.74,43.23,44.76,75.69153636927244,-1.6,3.0,-8.6,,12.48860226,,,,,,,,,,,,,95.50013383297645,58.253992987923645,114.99266055045871
2009-03-01,7845.0,689205.0,3783.0,4062.0,190280.0,498925.0,,,,,,,,9598.47202521972,151297.502889677,6.14,2477.21,46.65,49.66,75.47296062850378,-4.8,-1.0,-10.4,,11.99186208,,,,,,,,,,,,,87.8527724665392,50.29870473169442,122.82742491383554
2009-04-01,8663.0,799841.0,3458.0,5205.0,203954.0,595887.0,757117.0,678660.6485,116602.184,406388.097,119278.01,36392.3575,,10684.0903124745,152440.241783669,5.73,2379.36,50.36,51.12,76.27655534192665,-11.7,-6.9,-18.9,,12.14082161,,,,,,,,,,,,,92.32840817268844,58.98033545401967,114.4835734870317
2009-05-01,7699.0,736031.0,2519.0,5180.0,132909.0,603122.0,816612.0,695754.5795,121007.25000000003,413062.5570000001,125680.14000000001,36004.63250000001,,10684.0903124745,152440.241783669,4.77,2229.95,63.71,66.31,75.98387253580648,0.8,8.3,-10.5,,11.66390815,,,,,,,,,,,,,95.60085725418885,52.762604208019056,116.43281853281853
2009-06-01,6834.0,690730.0,2633.0,4201.0,178048.0,512682.0,734996.0,635398.919,119886.80450000001,370382.9735,110851.34250000003,34277.7985,,10684.0903124745,152440.241783669,3.81,2090.04,69.56,69.89,75.92019896774059,2.1,10.1,-9.9,,11.33823807,,,,,,,,,,,,,101.07257828504537,67.6217242688948,122.03808616995953
2009-07-01,10193.0,973557.0,4295.0,5898.0,258034.0,715523.0,767767.0,741963.025,128726.32250000001,441849.714,128708.77749999998,42678.210999999996,,10082.8570989443,153857.526101927,3.28,2052.68,68.59,69.45,77.59045444347478,2.9,6.0,-1.6,,12.63206111,,,,,,,,,,,,,95.51231237123517,60.077764842840516,121.31620888436758
2009-08-01,12602.0,946101.0,7716.0,4886.0,436658.0,509443.0,790129.0,700399.2785,118968.89950000003,428979.89900000003,114507.27999999998,37943.2,,10082.8570989443,153857.526101927,3.13,2018.97,70.37,69.96,75.85024474896825,8.7,15.9,-2.1,,11.74345689,,,,,,,,,,,,,75.07546421202984,56.5912389839295,104.2658616455178
2009-09-01,9861.0,886757.0,4038.0,5823.0,257583.0,629174.0,751160.0,725187.071,140033.94249999995,423709.166,123321.75499999999,38122.207500000004,,10082.8570989443,153857.526101927,3.21,1980.77,65.55,70.61,76.66670110970595,8.1,14.2,-1.1,,12.15596267,,,,,,,,,,,,,89.92566676807625,63.789747399702826,108.04980250729864
2009-10-01,8809.0,866166.0,2592.0,6217.0,150765.0,715401.0,750262.0,731458.288,134772.104,435983.1165000001,122846.32250000002,37856.745,,9950.58056336161,155020.729224727,2.72,1904.86,75.56,77.0,77.18132019706958,4.5,9.9,-3.5,,11.54550652,,,,,,,,,,,,,98.32739243955047,58.16550925925926,115.07173878076243
2009-11-01,9914.0,956096.0,3262.0,6652.0,218527.0,737569.0,800924.0,716674.8705,125389.1725,438112.6755,114914.25250000002,38258.770000000004,,9950.58056336161,155020.729224727,2.37,1973.57,76.21,77.28,77.25733964994976,13.1,19.7,3.1,,11.07838214,,,,,,,,,,,,,96.43897518660481,66.99172286940528,110.87928442573661
2009-12-01,13456.0,1089244.0,6231.0,7225.0,329589.0,759655.0,804175.0,701444.959,127002.52500000002,444193.944,94692.50499999999,35555.985,,9950.58056336161,155020.729224727,2.0,2017.05,77.16,79.36,78.08598827241954,6.3,8.5,3.1,,11.31148669,,,,,,,,,,,,,80.9485731272295,52.89504092441021,105.14256055363322
2010-01-01,6873.0,690240.0,1429.0,5444.0,106960.0,583280.0,692439.0,661697.384,112066.72999999991,414475.1145000001,100935.672,34219.86749999999,0.0404,9967.57053886447,156757.97679929,2.1,1978.19,71.01,72.89,77.29098168937264,7.1,13.1,-1.9,,14.62307791,,,,,,,,,,,,,100.42776080314273,74.84954513645906,107.14180749448934
2010-02-01,8088.0,797267.0,2328.0,5760.0,161023.0,636244.0,741123.0,711607.675,122758.39600000001,436461.66500000004,110985.68650000005,41401.9275,0.04,9967.57053886447,156757.97679929,2.09,1952.89,74.6,79.66,78.14624753406586,11.5,16.2,4.3,,12.59460015,,,,,,,,,,,,,98.57406033630069,69.16795532646049,110.45902777777778
2010-03-01,11423.0,1030572.0,5958.0,5465.0,336482.0,694090.0,813412.0,761517.1535,134051.46850000002,461854.9619999999,123758.89300000001,41851.83,0.0393,9967.57053886447,156757.97679929,1.84,1909.1,78.7,83.76,78.77900355814927,16.1,23.9,4.5,,11.80704673,,,,,,,,,,,,,90.21903177799177,56.4756629741524,127.0064043915828
2010-04-01,12313.0,1040187.0,6774.0,5539.0,399257.0,640930.0,712879.7786,686064.27,118338.04249999997,418515.8085000001,111777.76750000005,37432.65149999999,0.0392,9706.94314176371,159159.747057327,1.98,1940.36,84.13,86.15,79.50987451866729,19.3,25.9,9.6,,12.23712863,,,,,,,,,,,,,84.47876228376512,58.93962208444051,115.71222242282
2010-05-01,12456.0,1072156.0,6384.0,6072.0,390139.0,682017.0,813099.5,755619.3885,132895.4775,468049.2960000001,115164.13749999998,39510.47749999999,0.0363,9706.94314176371,159159.747057327,2.07,1984.36,71.88,73.97,79.13571057467456,22.5,30.2,11.0,,12.04043359,,,,,,,,,,,,,86.07546563904945,61.111998746867165,112.32164031620553
2010-06-01,10797.0,1051679.0,4708.0,6089.0,314558.0,737121.0,735585.0,708921.5525,136972.01750000005,424894.9575,112100.57000000005,34954.0075,0.0354,9706.94314176371,159159.747057327,2.25,1925.9,72.49,75.63,79.5392592868237,27.2,34.1,16.9,,11.63561834,,,,,,,,,,,,,97.40474205797906,66.81350892098556,121.05780916406636
2010-07-01,11650.0,1164823.0,3510.0,8140.0,219622.0,945201.0,815345.0,754067.7425,143391.20000000004,459117.63999999996,114763.1725,36795.73,0.0352,9780.20811820513,160368.392541874,2.24,1874.52,74.43,78.95,79.26541366954055,27.2,34.5,16.3,,12.68442198,,,,,,,,,,,,,99.9848068669528,62.57037037037037,116.11805896805897
2010-08-01,15106.0,1258875.0,6647.0,8459.0,371386.0,887489.0,855570.0,749920.798,144010.95249999998,449060.8955,116928.94249999999,39920.0075,0.035,9780.20811820513,160368.392541874,2.31,1819.06,72.39,71.92,79.37139792524574,38.8,48.8,23.8,,11.16186953,,,,,,,,,,,,,83.33609161922415,55.87272453738529,104.91653859794302
2010-09-01,14431.0,1332358.0,5703.0,8728.0,365879.0,966479.0,784709.0,777478.7459999999,150778.57500000004,468511.96599999996,115491.51249999997,42696.6925,0.0347,9780.20811820513,160368.392541874,2.28,1805.6,77.48,79.97,80.24027618667381,35.4,44.4,22.0,,10.57378071,,,,,,,,,,,,,92.32610352712909,64.1555321760477,110.73315765352888
2010-10-01,10916.0,1047517.0,2222.0,8694.0,152773.0,894744.0,834038.5,795135.3736,158238.71500000005,485268.941,113482.84010000004,38144.8775,0.0345,10593.2782011667,163864.883601508,2.33,1808.46,79.42,81.43,81.11663386600925,30.3,37.6,19.4,,10.15275911,,,,,,,,,,,,,95.96161597654819,68.75472547254725,102.91511387163561
2010-11-01,22945.0,1769247.0,13961.0,8984.0,776324.0,992923.0,812573.7,799131.196,145038.89250000002,504455.04099999997,111932.73499999997,37704.5275,0.0344,10593.2782011667,163864.883601508,2.59,1863.67,83.65,84.11,81.31745991125703,25.9,31.0,18.2,,10.79239564,,,,,,,,,,,,,77.10817171497058,55.60661843707471,110.52126001780944
2010-12-01,24284.0,2029556.0,13995.0,10289.0,807730.0,1221826.0,894003.0,760219.9770000001,133531.51249999998,501101.6785,92030.08849999998,33556.697499999995,0.035,10593.2782011667,163864.883601508,3.17,1925.86,88.99,91.38,82.5074299220778,16.7,23.1,7.1,,11.12003563,,,,,,,,,,,,,83.57585241311152,57.715612718828154,118.75070463601905
2011-01-01,14527.0,1416838.0,3715.0,10812.0,238997.0,1177841.0,760747.0,736901.49,136342.7545,451915.7105000001,105508.93999999999,43134.085,0.0348,10300.1235878543,167212.994432327,3.4,1866.64,95.53,92.19,82.87814761152464,16.3,21.8,8.2,,13.55615877,,,,,,,,,,,,,97.53135540717285,64.33297442799461,108.93830928597855
2011-02-01,13895.0,1332450.0,5268.0,8627.0,351900.0,980550.0,754074.6,726418.952,153750.89499999996,436080.57700000005,101474.74750000001,35112.7325,0.0346,10300.1235878543,167212.994432327,3.17,1882.61,108.5,96.97,82.82070069596385,20.9,28.0,10.3,,12.86252371,,,,,,,,,,,,,95.8942065491184,66.79954441913439,113.66060044047757
2011-03-01,18200.0,1782459.0,6109.0,12091.0,378064.0,1404395.0,1006055.0,914686.765,179286.68299999996,567066.132,123186.67950000001,45147.2705,0.0359,10300.1235878543,167212.994432327,3.19,1884.38,111.42,106.72,83.8292080153982,21.1,25.5,14.5,,10.86808859,,,,,,,,,,,,,97.9373076923077,61.88639711900475,116.15209660077744
2011-04-01,19344.0,1610589.0,8530.0,10814.0,511450.0,1099139.0,850575.0,776826.3345,164058.59449999998,472871.33350000007,105028.56199999998,34867.84450000001,0.0374,10310.386100289,169449.721313395,2.84,1812.77,120.35,113.93,84.05168761691816,11.9,16.3,5.3,,11.18951837,,,,,,,,,,,,,83.26039081885857,59.958968347010554,101.64037358979101
2011-05-01,29181.0,2581141.0,16693.0,12488.0,1006652.0,1574489.0,933348.0,870177.8645,184050.90000000005,520235.58699999994,123156.79,42734.5875,0.0388,10310.386100289,169449.721313395,3.02,1801.65,111.2,102.7,84.07864655272115,10.1,15.3,2.4,,11.24429029,,,,,,,,,,,,,88.45279462664062,60.30383993290601,126.08015695067265
2011-06-01,21455.0,2321341.0,8757.0,12698.0,531110.0,1790231.0,863386.0,807107.137,173759.45,471023.6320000002,118651.75750000002,43672.2975,0.041,10310.386100289,169449.721313395,3.23,1782.54,107.5,95.42,84.66276408952442,27.6,32.3,20.6,,10.90592687,,,,,,,,,,,,,108.1958051736192,60.649765901564464,140.98527327138132
2011-07-01,15292.0,1451633.0,5922.0,9370.0,400506.0,1051127.0,927677.0,851728.579,183911.6715,499636.81699999975,125391.6435,42788.447,0.0421,10807.2141842999,173107.21284424,3.42,1761.75,112.18,95.7,84.77391862665252,27.5,30.1,23.6,,11.54031367,,,,,,,,,,,,,94.92760920742872,67.63019250253292,112.18004268943436
2011-08-01,16030.0,1607570.0,6751.0,9279.0,420310.0,1187260.0,937922.0,916550.8915,192727.73499999996,530467.1934999999,147493.73549999998,45862.22750000001,0.0449,10807.2141842999,173107.21284424,3.27,1785.04,111.4,88.81,86.38920392824208,24.9,29.8,17.5,,10.07939983,,,,,,,,,,,,,100.28509045539613,62.2589246037624,127.95128785429465
2011-09-01,15624.0,1431582.0,6478.0,9146.0,357313.0,1074269.0,937029.0,918049.3045,193092.82050000003,531579.8685000002,149320.1895000001,44056.42600000001,0.0461,10807.2141842999,173107.21284424,3.73,1836.15,101.57,79.2,85.75841986195348,23.1,22.8,23.5,,9.73538302,,,,,,,,,,,,,91.62711213517665,55.15791911083668,117.45779575770828
2011-10-01,14018.0,1255254.0,5807.0,8211.0,328078.0,927176.0,948855.0,887708.9145,182092.74999999997,523675.8465000001,136286.93499999997,45653.383,0.0472,11118.2761275567,174858.071410038,4.02,1910.38,107.12,93.19,86.3126321660032,20.6,25.5,13.3,,8.997846852999999,,,,,,,,,,,,,89.54586959623342,56.496986395729294,112.9187675070028
2011-11-01,16377.0,1356729.0,8407.0,7970.0,507389.0,849340.0,897775.0,885829.9770000001,176881.427,521919.13000000006,141369.94249999998,45659.4775,0.0508,11118.2761275567,174858.071410038,3.96,1918.21,110.38,100.36,87.04234008912263,23.6,29.5,14.8,,9.220184102000001,,,,,,,,,,,,,82.84356109177504,60.35315808255026,106.56712672521958
2011-12-01,19356.0,2102650.0,7267.0,12089.0,451776.0,1650874.0,961094.0,883854.3955,170042.98949999994,540539.3335,128850.51000000001,44421.5625,0.0512,11118.2761275567,174858.071410038,3.73,1934.08,106.84,98.83,86.89385964981813,29.8,36.9,19.1,,9.817571062999999,,,,,,,,,,,,,108.6303988427361,62.16815742397138,136.56001323517248
2012-01-01,10690.0,1160591.0,3123.0,7567.0,184170.0,976421.0,868474.0,823283.7175,167426.37350000007,470000.009,138289.81500000003,47567.520000000004,0.0513,11422.884084706,175886.947122592,3.54,1852.12,111.21,98.48,87.39555458207104,32.7,39.4,22.7,,12.47669663,,,,,,,,,,,,,108.56791393826006,58.972142170989436,129.03673846967095
2012-02-01,12708.0,1212454.0,5206.0,7502.0,332660.0,879794.0,865408.0,846615.0595,185798.76800000004,454248.20700000005,156313.97500000003,50254.1095,0.0527,11422.884084706,175886.947122592,3.55,1783.56,120.79,107.07,87.16034683411266,26.8,29.0,23.3,,11.86999304,,,,,,,,,,,,,95.4087189172175,63.89934690741452,117.27459344174886
2012-03-01,10752.0,1032415.0,3834.0,6918.0,258993.0,773422.0,998847.0,950452.892,206963.7675000001,519135.20250000013,172760.06499999997,51593.856999999996,0.0536,11422.884084706,175886.947122592,3.4,1766.34,120.89,103.02,88.36092251999398,24.4,28.0,19.0,,10.36371085,,,,,,,,,,,,,96.02074032738095,67.55164319248826,111.79849667533969
2012-04-01,10625.0,1060798.0,3850.0,6775.0,244173.0,816625.0,852138.0,789541.9885,173980.32100000005,433422.4035000002,138718.17250000004,43421.0915,0.0547,11935.2440367005,178080.657883378,3.43,1775.06,117.2,104.87,87.88147865073876,26.6,36.6,11.7,,10.86419738,,,,,,,,,,,,,99.83981176470589,63.42155844155844,120.5350553505535
2012-05-01,15236.0,1530992.0,2503.0,12733.0,164738.0,1366254.0,919675.0,904690.5645,208186.23249999995,479828.7045000001,166544.1285,50131.499,0.0545,11935.2440367005,178080.657883378,3.44,1793.28,101.06,86.53,88.50912398189053,26.5,34.1,15.1,,10.70946879,,,,,,,,,,,,,100.48516671042269,65.81622053535757,107.30024346187074
2012-06-01,17269.0,1571528.0,9188.0,8081.0,530440.0,1041088.0,906243.0,879219.2855,202304.63249999995,468538.6249999999,162288.61550000007,46087.41249999999,0.0545,11935.2440367005,178080.657883378,3.2,1792.63,92.99,84.96,89.01682912414415,20.6,25.1,13.8,,10.0261431,,,,,,,,,,,,,91.00283745439805,57.731824118415325,128.83158024996905
2012-07-01,13777.0,1401388.0,5282.0,8495.0,327463.0,1073925.0,910743.0,879632.561,199361.3874999999,462078.74749999994,167330.42050000007,50862.00549999999,0.0544,10264.4092072389,177752.543770333,3.03,1784.43,102.22,88.06,88.0431423040321,23.2,28.0,15.9,,10.86308014,,,,,,,,,,,,,101.71938738477172,61.99602423324498,126.41848145968217
2012-08-01,15917.0,1344598.0,7982.0,7935.0,453816.0,890782.0,942864.0,906462.98,206133.73349999994,483669.1300000002,166500.885,50159.23150000001,0.0541,10264.4092072389,177752.543770333,3.11,1806.34,111.17,96.47,86.9731989775072,18.1,22.5,11.4,,9.748273687000001,,,,,,,,,,,,,84.47559213419615,56.85492357805062,112.259861373661
2012-09-01,17249.0,1502866.0,8426.0,8823.0,440340.0,1062526.0,894974.0,862746.656,199182.20099999994,445539.301,167060.18200000003,50964.971999999994,0.0532,10264.4092072389,177752.543770333,3.08,1803.18,109.68,92.19,88.3298230955175,25.0,27.8,20.8,,9.942172245,,,,,,,,,,,,,87.1277175488434,52.25967244244006,120.42683894366995
2012-10-01,12060.0,1216605.0,4228.0,7832.0,281526.0,935079.0,885860.0,906790.6485,201282.483,475866.4760000001,176320.93399999995,53320.7555,0.0542,11428.4626713545,179694.851223697,3.06,1804.97,106.16,86.24,88.52916777269357,25.6,25.3,26.0,,8.85345336,,,,,,,,,,,,,100.87935323383084,66.58609271523179,119.39210929519918
2012-11-01,12855.0,1227509.0,5831.0,7024.0,352751.0,874758.0,931125.0,915069.5895,197940.43999999986,491605.7725,172788.77450000003,52734.6025,0.0531,11428.4626713545,179694.851223697,2.77,1820.29,108.59,88.91,89.49800395404432,25.3,28.1,21.1,,9.247792721,,,,,,,,,,,,,95.48883702839362,60.49579831932773,124.53843963553531
2012-12-01,26065.0,1977250.0,15636.0,10429.0,805596.0,1171654.0,948435.0,831485.2155,170233.70849999998,478029.26349999994,141561.88850000006,41660.355,0.0522,11428.4626713545,179694.851223697,2.44,1793.94,107.76,91.82,89.09182922296117,21.5,26.0,14.6,,9.55082463,,,,,,,,,,,,,75.85843084596202,51.521872601688415,112.345766612331
2013-01-01,13516.0,1317206.0,4559.0,8957.0,280699.0,1036507.0,803846.0,797141.565,174911.27,406740.57700000005,165538.63150000005,49951.0865,0.0512,11981.8355133773,182341.941088357,2.0,1770.01,112.3,97.49,91.43812202781888,23.1,27.4,16.7,73.0347175836288,12.06978983,146822854853.8928,74459923950.64307,135857213532.92076,70259620548.29913,71474215052.45857,85040972949.92061,32203038132.763817,68139718204.16946,36802565509.61375,32300847187.16877,68612910691.69837,821973880613.5491,97.45531222255104,61.5703005044966,115.72033046779056
2013-02-01,18931.0,1643273.0,9733.0,9198.0,558799.0,1084474.0,823731.0,826921.1290000001,190624.96,428209.227,160978.42199999993,47108.520000000004,0.0482,11981.8355133773,182341.941088357,1.83,1791.48,108.62,92.05,90.61191928143877,14.9,16.4,12.6,72.8501233126851,11.78931058,138234529602.54788,46916041665.7685,86871175936.32443,54809851850.80259,81996121452.33104,145318058017.16068,73432771359.30948,58471716952.90366,18809901689.754726,22727642894.864056,74935344327.26917,802523155749.0363,86.8032856161851,57.41282235693003,117.90323983474669
2013-03-01,16489.0,1384887.0,8888.0,7601.0,523122.0,861765.0,930060.0,808108.2629999999,192917.21500000003,417659.58950000023,155050.00100000002,42481.45749999999,0.0457,11981.8355133773,182341.941088357,1.91,1809.89,107.23,97.23,90.99622020957075,14.8,14.9,14.6,72.9922561065032,10.20619506,113723898413.84464,60178535795.78549,93599868775.74051,35000389784.675255,74638161968.2872,88028754820.00372,46668218270.32401,77351958615.0347,16551866700.265333,22946059736.45668,152463819137.78995,781151532018.2075,83.98853781308752,58.85711071107111,113.37521378765952
2013-04-01,17534.0,1464637.0,9434.0,8100.0,506736.0,957901.0,888046.0,917850.4605,206734.3424999999,473860.6265000002,188140.25450000004,49115.236999999994,0.0421,12466.3086762974,186767.713051843,2.02,1829.96,100.65,93.46,92.23442512963543,23.7,29.7,14.7,73.415911431791,10.17367141,87030075050.08136,77360198794.73717,103915928010.26755,61106742886.34797,94642796397.81682,172371978315.43365,51706848820.19084,63213871951.394485,10907464105.382431,32661692323.302505,22465714296.451466,777383310951.4065,83.53125356450325,53.71380114479542,118.25938271604939
2013-05-01,24158.0,1845012.0,13086.0,11072.0,701312.0,1143700.0,929099.0,901645.5755,216389.15,450972.7375000001,184676.1765,49607.5115,0.0398,12466.3086762974,186767.713051843,2.0,1850.12,98.78,91.97,93.06666400696503,20.1,23.7,14.7,74.4369610503858,9.421141635,69977187462.72327,33333156309.9408,87489078758.85005,54305267154.94524,74933112688.7699,114889608212.17351,50456688158.32783,69396183179.74751,12924547532.120846,20272328236.57458,192996660232.03583,780973817926.2094,76.37271297292823,53.59254164756228,103.29660404624278
2013-06-01,14141.0,1360787.0,6864.0,7277.0,423709.0,937078.0,879965.0,864810.7220000001,206929.09800000003,438886.32349999994,171736.136,47259.1645,0.0394,12466.3086762974,186767.713051843,2.16,1909.5,100.78,96.56,92.74955128470364,27.4,28.8,25.2,75.1830559236075,9.236678128,136958401428.50516,52407225854.74537,109864820924.4192,45419595740.779335,80283409820.03552,77327552069.60213,32520074588.566734,37950060101.712204,25242606661.654747,41321081923.93388,145575627374.2928,784870456488.2471,96.22989887560993,61.729166666666664,128.77257111447025
2013-07-01,14665.0,1353346.0,7631.0,7034.0,466358.0,886988.0,966824.0,980476.587,236228.80450000003,489978.10000000003,200253.21849999996,54016.46400000001,0.0398,12730.7713059921,188144.379758637,2.22,1900.59,104.97,105.03,93.82009498949522,25.1,25.0,25.1,77.0059372234119,9.881715574,153877862039.447,50540615759.73257,141933531212.11862,51663740554.393295,105113727457.74173,87347481965.7465,55859894789.08054,106890497698.74483,15552810946.08641,36015588367.24534,134540991027.06592,939336741817.403,92.28407773610637,61.11361551565981,126.10008529997157
2013-08-01,19943.0,1789330.0,11258.0,8685.0,736386.0,1052944.0,941125.0,870423.1375,213185.07400000002,430873.4035000001,180992.145,45372.51500000001,0.0407,12730.7713059921,188144.379758637,2.27,1903.66,111.55,107.65,92.51926491068,13.4,11.4,16.3,75.1012410647831,9.268826438,98818414667.70529,65879055592.63885,96256206478.18538,52037799468.12483,76200532387.61711,155258647843.68506,61300784370.54998,58582106906.3069,15923435979.486496,31787796055.18939,92469128956.8395,804513908706.3286,89.72220829363687,65.41001954165927,121.2370754173863
2013-09-01,15844.0,1447694.0,7921.0,7923.0,505812.0,941882.0,1002957.0,981342.5390000001,239182.64950000003,481260.4290000001,207324.55650000004,53574.90400000001,0.0407,12730.7713059921,188144.379758637,2.27,1919.4,105.61,102.33,93.39470451184081,14.6,12.6,17.8,75.2471162030791,8.97842951,112907342183.51697,59875207933.34301,91575947124.36232,45904326082.22965,82041774274.62323,124176135961.99704,40569335643.08944,52235957265.985504,18130529890.48559,24717714044.277515,149826619851.72183,801960890255.6321,91.37174955819238,63.85708875142028,118.87946484917329
2013-10-01,19327.0,1638472.0,9957.0,9370.0,555745.0,1082727.0,1048557.0,1032773.288,240620.28199999998,512399.34099999996,220805.12700000007,58948.538,0.0402,12952.0845043332,190684.966101163,1.84,1885.91,106.75,96.38,94.10165764855834,22.3,21.1,24.1,75.1087738707812,7.792776902000001,105208630618.27708,59512054282.88496,87935081468.87715,39542453845.73913,87368760542.95879,131838189475.04073,61771826295.21512,83385280656.13426,16701987112.9329,20619400858.90983,123570168267.93477,817453833424.9049,84.77632327831532,55.81450236014864,115.55250800426894
2013-11-01,17947.0,1558114.0,9757.0,8190.0,576213.0,981901.0,1020409.0,978662.324,224659.46849999996,491059.50050000014,204987.87349999993,57955.4815,0.0403,12952.0845043332,190684.966101163,1.76,1922.14,107.07,92.72,94.88650871019104,23.7,22.6,25.2,75.2555856570646,8.479437212999999,115220336557.26001,62668510721.1003,120866148284.44072,34593017918.04738,106723140385.46535,138239978515.8615,40113018835.246475,75547970165.85063,31658117131.28438,34371267803.18811,72068787329.26538,832070293647.0104,86.81751824817518,59.056369785794814,119.890231990232
2013-12-01,17162.0,1404261.0,9547.0,7615.0,519659.0,884602.0,1017314.0,905880.7675,203739.33000000002,478208.65300000005,175925.117,48007.66750000001,0.0406,12952.0845043332,190684.966101163,1.94,1934.08,107.94,98.42,95.22981033557555,22.8,24.4,20.5,76.6683205722786,8.442158655,156527961790.004,60081542461.2465,150010250143.23697,72730288242.56155,90525997067.86919,116257373183.49173,23249341252.86837,122889107720.19029,13311957861.727118,31469836258.800686,207079292912.84888,1044132948894.8453,81.82385502855145,54.43165392269823,116.16572554169403
2014-01-01,12910.0,1307223.0,3931.0,8979.0,255248.0,1051975.0,821445.828,810402.5425,192806.5275,387146.4135000001,179914.0165,50535.585,0.0403,13489.1124261379,193328.783016259,2.13,1960.41,104.45,97.49,95.74940553335013,27.3,28.2,25.9,76.9559054403197,11.10123328,173013172277.25732,58719722363.326096,120083187004.19756,36681703105.97903,70241559139.10878,159912811243.92062,27276741328.755463,67268953971.779755,30839055165.276344,28377016825.866653,128524906716.025,900938829141.4927,101.25662277304416,64.93207835156448,117.159483238668
2014-02-01,19931.0,1799778.0,10794.0,9137.0,639546.0,1160232.0,908543.1170000001,928329.431,224934.50400000013,448847.1370000001,198940.9474999999,55606.8425,0.0397,13489.1124261379,193328.783016259,2.32,2040.51,105.92,102.59,96.8302050067384,15.7,14.8,17.2,78.4421991488399,10.67911053,120897553933.20609,57356513220.15049,114944401773.62715,57503581202.76626,93920116983.24153,149730514440.10333,32438634859.015793,152215362007.32254,11730634311.113602,31711533751.52552,59899563752.881516,882348410234.954,90.30043650594551,59.25013896609227,126.98172266608296
2014-03-01,18234.0,1707917.0,8919.0,9315.0,522645.0,1185272.0,1089339.541,1041472.45,233759.75900000002,552883.2614999999,199387.48649999997,55441.943,0.0389,13489.1124261379,193328.783016259,2.51,2022.19,104.08,101.58,96.24113047844193,18.5,18.0,19.3,79.6032882322879,9.734351272,142211694664.7353,97378509020.69589,105363185038.13257,64919006013.79727,82357356033.46089,140689871238.10895,46692779066.82629,73873351670.8728,13133007155.34573,35580609065.25428,50717973448.279106,852917342415.5093,93.66661182406493,58.599058190380084,127.24337090713902
2014-04-01,12998.0,1485110.0,4288.0,8710.0,250297.0,1234813.0,1028889.656,956972.4325,229407.994,491513.74950000027,186137.66499999998,49913.024000000005,0.0381,13366.6108278559,194022.251249745,2.72,1939.27,103.95,99.74,96.51796229601649,18.5,16.2,21.8,81.9659956712619,8.96500304,123596705773.02911,106164803955.75665,122837273398.60556,59555865633.71716,104539551378.33331,73229553522.60341,62713204152.6149,69824118329.18568,21227521527.60853,34931805804.3918,66173184037.4635,844793587513.3096,114.25680873980612,58.37150186567164,141.7695752009185
2014-05-01,15709.0,1439422.0,7605.0,8104.0,408470.0,1030952.0,1074107.787,1034413.328,252897.93250000002,523266.3540900002,200740.55500000002,57508.4865,0.0379,13366.6108278559,194022.251249745,2.93,1915.46,105.91,102.71,96.27003501799611,23.9,22.7,25.8,80.4416195116892,8.798236891,118088105241.96031,44531617403.26979,101008726337.50206,51211360013.76026,70824221295.6259,162670425301.29425,60185621391.35289,113312491984.46964,16033291738.474066,18055287184.33856,91872231506.16711,847793379398.2148,91.6304029537208,53.71071663379356,127.2152023692004
2014-06-01,11055.0,1110083.0,2810.0,8245.0,134556.0,975527.0,986800.0859,918642.495,224565.105,464362.09153337515,174558.31649999993,55156.98200000001,0.0394,13366.6108278559,194022.251249745,2.79,1888.1,108.59,105.37,96.1587284794844,26.5,28.6,23.4,81.3058637402451,9.194613581,90806488398.85641,70933135616.94075,123642604447.90373,56257314454.81508,86181417888.22736,96843143265.54362,62413340856.98448,36858240504.87887,22761522661.594597,31374271522.877647,167990591774.79498,846062071393.4175,100.41456354590683,47.8846975088968,118.31740448756823
2014-07-01,22082.0,2031378.0,11736.0,10346.0,634257.0,1397121.0,1081296.097,1059514.664,257179.61399999997,542921.0765000002,200073.18850000008,59340.785,0.0406,13859.5577727633,195876.366937094,2.89,1858.4,103.6,98.17,96.69843070678441,26.6,25.9,27.6,81.2992069354357,9.289753142,103788364550.57976,82725853301.62973,143196459383.52783,57285429598.11779,97942413826.56917,192446236760.82584,63477016936.15767,71959529790.73914,20102929020.473057,39541110402.546974,140656188745.37848,1013121532316.5454,91.99248256498505,54.043711656441715,135.0397254977769
2014-08-01,12830.0,1188774.0,6698.0,6132.0,393268.0,795506.0,1068933.555,1020250.305,238639.82499999992,538280.2340000002,189759.7745,53570.471,0.0404,13859.5577727633,195876.366937094,3.02,1899.07,99.99,95.96,96.3867515162813,20.5,16.0,27.2,80.8018913323353,8.901027484,131731335389.42024,68632072886.57268,106748243888.64825,69154983918.08943,76287991047.47609,127548862122.09094,59365122686.98976,99533410136.98035,22592447192.700695,15611911085.187418,84564518378.09848,861770898732.2544,92.65580670303974,58.71424305762914,129.73026744944553
2014-09-01,12026.0,1168384.0,4978.0,7048.0,283951.0,884433.0,1071902.692,1085842.54,246883.02249999993,580614.75,202765.82500000007,55578.9425,0.0426,13859.5577727633,195876.366937094,2.86,1971.34,94.17,91.16,97.74768702604693,17.5,16.2,19.4,81.1514799752855,8.35035076,112182655061.03314,72209648386.34418,115716111317.02461,50327936754.11867,101191277090.72795,92824417015.89717,40693402489.23852,88507750843.45012,10666079876.906923,29519270596.16576,150284811140.771,864123360571.678,97.15483119906868,57.04118119726798,125.48708853575482
2014-10-01,17505.0,1833630.0,6947.0,10558.0,472193.0,1361437.0,1074163.942,1089667.143,244144.56850000002,581180.5680000003,204789.138,59552.8685,0.0433,13886.7189732428,198361.598796901,3.29,2047.03,81.97,80.54,98.68402374297376,21.7,20.9,22.8,84.4633321887922,7.860263838,104641184114.33292,80499860496.15735,130730880700.63069,65346945579.23363,107752942178.52351,150656685887.92078,57342747229.19668,63844716945.2283,20983458125.527306,18326467109.56071,79414690808.09639,879540579174.4082,104.74892887746358,67.97077875341874,128.94838037507103
2014-11-01,14988.0,1163403.0,9368.0,5620.0,511337.0,652066.0,1069628.545,1040586.765,229002.94600000008,568119.1995,186506.6175,56958.00200000001,0.0436,13886.7189732428,198361.598796901,3.65,2127.25,68.89,66.15,98.00831589534214,24.5,24.2,24.9,81.9919207941261,7.710014202999999,89391005735.53323,68951857688.58084,119757617338.71342,56387296954.217224,99540075407.87682,87750210308.22342,45725325559.6207,58331686504.362686,32591590213.325783,16773865380.010534,212920782769.83063,888121313860.2954,77.62229783827061,54.58336891545687,116.02597864768683
2014-12-01,22000.0,1871969.0,11298.0,10702.0,653450.0,1218519.0,1127320.326,984139.6309999999,212488.79500000004,554487.6370000002,167779.884,49383.314999999995,0.0434,13886.7189732428,198361.598796901,3.66,2344.23,52.0,53.27,98.8786324918484,22.4,21.8,23.3,83.277296998816,8.722914106000001,164501993767.2624,87578156906.51617,142601552286.2589,75536160331.87021,80357617374.33002,170277860424.58646,42611083908.27905,136746497152.52377,13946798275.902905,7868350034.569814,205451362013.76733,1127477432475.8672,85.0895,57.83767038413878,113.85899831807139
2015-01-01,17334.0,1591772.0,8147.0,9187.0,537226.0,1054546.0,899518.5415,927848.3315,194774.23199999993,504284.567,177343.32400000008,51446.2085,0.0447,14270.4042290787,199136.560155945,3.82,2397.69,44.83,48.24,99.00023097298333,17.9,18.1,17.7,83.0648773314913,10.78515058,132615146774.5762,89080023412.06894,145844595526.8826,57511313360.77433,82596035145.79292,152480477311.88565,28387622099.917034,89241693146.0292,12984869674.015427,32661172551.641678,134792140689.31485,958195089692.8989,91.82946809738087,65.94157358536884,114.78676390551867
2015-02-01,20992.0,1875458.0,9958.0,11034.0,572561.0,1302897.0,1034033.382,986176.445,230227.31450000004,496774.5420000001,202069.18749999994,57105.401000000005,0.0445,14270.4042290787,199136.560155945,4.36,2420.38,56.83,49.76,99.14018129653341,14.0,14.0,13.9,84.669919918502,9.85631634,116509593279.9443,83878491359.2241,111824623378.85538,73493535286.1773,82093842606.9002,115783017056.77165,66506838481.895294,118793429880.67462,23451900901.247112,22966729776.930416,124403119625.03969,939705121633.6602,89.3415586890244,57.49758987748544,118.08020663404024
2015-03-01,17621.0,1670075.0,6353.0,11268.0,374025.0,1296050.0,1098525.953,1079949.068,246609.20999999996,562669.772,215056.62550000002,55613.4605,0.0441,14270.4042290787,199136.560155945,4.56,2586.58,51.06,47.6,99.22846371640071,2.3,0.3,5.2,85.1732762153142,8.860610448,148270108422.50525,63368522658.24156,111606378999.76976,60013718517.511116,82085633230.63832,100147000688.9378,42721332771.393234,76864861155.43301,15692029735.284475,21845653031.78633,181589128450.8025,904204367662.3033,94.77753816468986,58.87376042814418,115.0204117855875
2015-04-01,22834.0,2030992.0,9572.0,13262.0,562004.0,1468988.0,1056733.901,999411.6225,232379.375,512194.3790000001,199027.01799999998,55810.8505,0.0451,14656.3446022814,200793.960670885,4.64,2495.36,62.21,59.63,99.99905675025246,8.2,8.0,8.5,84.7055562411964,9.504071183999999,147542694627.38843,67477195408.71749,109094823912.67819,65346336606.33693,74296699200.02405,173253574193.51492,54526300609.929955,99991161617.45529,21245553361.407955,27489444485.838856,59560463052.650856,899824247075.943,88.94595778225454,58.713330547430004,110.76670185492384
2015-05-01,13815.0,1350769.0,4940.0,8875.0,277334.0,1073435.0,1128654.119,1061957.239,254744.05899999998,527980.0220000001,218232.0335,61001.123999999996,0.0442,14656.3446022814,200793.960670885,4.41,2439.09,60.47,60.3,99.80338728716795,13.7,13.8,13.5,85.4938225919551,8.933730207,117345602452.0228,62689789153.56121,98939704823.20905,62198104532.74895,77146101608.55952,112110433768.61847,70173772125.47173,83353259209.24828,18792154931.925407,19980597391.420666,197314062674.91385,920043582671.7001,97.77553384002896,56.140485829959516,120.95042253521127
2015-06-01,22930.0,2123248.0,10498.0,12432.0,630840.0,1492408.0,1023576.557,1012089.612,236712.12749999992,499060.42699999997,219660.2284999999,56656.8285,0.044,14656.3446022814,200793.960670885,4.42,2554.94,58.79,59.47,99.97748741323356,14.7,11.2,20.1,85.5103256062104,8.245787937000001,88298538054.71722,94130381548.91669,118022404347.2832,58911531309.52607,78966520691.49243,184715073444.45486,49849321029.15522,80749426536.33322,14471498922.113068,19967610371.73841,135005592584.33064,923087898840.0612,92.59694723070214,60.09144598971233,120.04568854568855
2015-07-01,16354.0,1795408.0,4640.0,11714.0,300843.0,1494565.0,1108864.379,1152372.002,279224.653,569073.447,237841.5825000001,66232.31950000001,0.0452,14418.5895390369,202757.23948187,4.46,2731.9,50.51,47.12,101.07824989278585,2.6,2.2,3.3,86.0807864702323,8.839401663,97773877096.70395,108308621169.56053,146954418633.80084,88336818684.39333,94727141738.158,114049372117.81778,71758263993.34015,104176524103.66394,25018548501.227444,25481774620.498085,246606952160.59814,1123192312819.7622,109.78402837226366,64.83685344827586,127.58792897387741
2015-08-01,16496.0,1593096.0,4959.0,11537.0,326807.0,1266289.0,1139186.227,1108117.523,261744.83800000005,553772.9199999999,230431.52999999994,62168.23499999999,0.0447,14418.5895390369,202757.23948187,4.74,3023.29,47.01,49.2,100.09819673149649,-0.4,4.7,-8.0,88.8648986717831,9.093956853,117630752569.25383,66538721121.05893,124799547959.90665,84021443925.4156,87628747558.9916,168804901407.43625,66018308543.20019,85366614825.6994,23414783835.424313,26400968815.850025,100025528482.63765,950650319044.8745,96.57468477206595,65.90179471667675,109.75894946693248
2015-09-01,21793.0,1925609.0,10659.0,11134.0,594300.0,1331309.0,1125937.914,1142760.702,279714.987,542839.5659999999,255345.62799999997,64860.52099999999,0.0441,14418.5895390369,202757.23948187,5.35,3073.12,43.58,45.09,100.68085037469893,4.3,9.1,-3.0,88.0894281189752,8.980767673999999,118353550351.22879,59508957449.021515,114251808241.73799,79841184577.43721,84634082435.80922,136739942313.71428,45039612821.438995,107667607281.15,22249844690.89102,30433968022.306084,148514108216.95914,947234666401.6942,88.35906024870371,55.755699408950186,119.57149272498653
2015-10-01,20053.0,1667908.0,9971.0,10082.0,566703.0,1101205.0,1176890.043,1161600.849,270164.56750000006,564412.0790000003,260223.124,66801.07800000001,0.0472,14696.661629603,202004.2396913,5.89,2937.85,43.66,46.59,100.76557222826456,6.8,12.2,-1.5,87.8962835012707,8.185024615,155658145642.54303,76808878701.93758,110724770334.76367,89048342299.96992,94885073040.97688,143047744145.9656,35649586992.617165,87661605045.0205,18678454665.49094,15743658533.183268,131657495335.97707,959563754738.4456,83.1749862863412,56.83512185337479,109.22485617932949
2015-11-01,15671.0,1619061.0,5023.0,10648.0,289652.0,1329409.0,1045135.674,1067607.339,252926.85649999997,514804.27100000024,240135.29949999988,59740.911500000024,0.0492,14696.661629603,202004.2396913,6.39,2996.67,38.93,41.65,99.85329000599758,6.7,11.7,-0.8,85.9557414239775,7.270970778,107719105725.1557,107092823006.28658,110567305479.77158,67948549769.50597,85387472782.15845,148821923764.04654,39927915304.53544,125939122417.61888,15955037925.686607,14700407402.05658,138610322880.50266,962669986457.3251,103.31574245421479,57.665140354369896,124.8505822689707
2015-12-01,37259.0,3636993.0,12095.0,25164.0,740549.0,2896444.0,1209660.263,1106888.899,242574.19550000003,592900.4350000003,214659.5475,56754.721000000005,0.0524,14696.661629603,202004.2396913,6.77,3244.51,31.27,37.04,100.37503333018525,1.1,5.1,-5.0,87.9950839090917,8.58891709,185754351362.6762,127589065244.13498,136189914454.23453,88228255574.04892,95492191509.37764,166264994657.6818,49770885690.104095,77381603464.49573,24943457584.811066,28770083339.363777,263725763944.16803,1244110566825.0967,97.61381142811133,61.22769739561802,115.10268637736449
2016-01-01,12285.0,1166592.0,5811.0,6474.0,354339.0,812253.0,968000.7154,939138.767,202983.86750000005,490188.71100000007,196856.67150000008,49109.51700000001,0.0574,15120.8283323927,203537.937701827,7.45,3284.03,29.11,33.62,100.8937367447841,-21.3,-16.8,-28.1,88.0677544021287,11.90533012,93692160433.0431,73818191831.7192,135422320351.79848,66751835006.80249,70858215236.17564,181998326196.88718,51571955992.481514,72055953830.43152,14258655410.580965,39347862608.52488,217669027196.09512,1017444504094.54,94.96068376068376,60.977284460505935,125.46385542168674
2016-02-01,13170.0,1292412.0,4436.0,8734.0,255822.0,1036590.0,1076538.133,1045943.857,246448.8275,513086.9465000001,232723.04950000008,53685.033500000005,0.0625,15120.8283323927,203537.937701827,7.59,3357.5,30.13,33.75,102.15691217544125,-21.0,-15.0,-30.0,87.0471083249058,10.00253963,136037501740.41838,80896823953.5804,130427799695.84726,78660651584.13184,82555061912.15146,114390815614.10489,53760391417.14943,114235296398.70613,30601767776.930622,23999644066.90413,154421952228.464,999987706388.3885,98.13302961275626,57.669522091974756,118.68445156858255
2016-03-01,14152.0,1477723.0,6135.0,8017.0,414518.0,1063205.0,1025163.27,1007468.491,225874.82499999992,517685.28400000004,215694.17450000002,48214.2075,0.0635,15120.8283323927,203537.937701827,7.98,3145.26,34.33,38.34,102.63125975146619,-20.1,-13.9,-29.4,86.3620808232501,10.13739193,131281166514.5477,79693852326.14967,111276347742.95924,77761880148.54605,83759471968.5137,166473529012.54166,49349976666.564095,106300107099.61354,11637803034.696209,28439698612.019768,107038302287.80524,953012135413.9569,104.41796212549463,67.56609616951916,132.61881002868904
2016-04-01,13525.0,1353273.0,4462.0,9063.0,305010.0,1048263.0,1108543.37,1058103.059,246590.9825,542957.1175000002,221124.39049999995,47430.5685,0.0665,15072.6489722595,204784.632913583,7.93,2998.71,42.7,45.92,101.12497547165889,-13.0,-6.3,-23.1,87.6143967684128,9.015807838999999,65153555388.018776,73709198612.09805,128221438845.98045,89226924635.69765,92549203744.47362,46627990510.91895,62917812406.418434,83073343626.33926,15042048952.519196,42897559921.00849,241656254221.68118,941075330865.1539,100.05715341959335,68.35723890632003,115.66401853690832
2016-05-01,18803.0,1901165.0,6538.0,12265.0,415950.0,1485215.0,1054354.387,1005410.982,235505.07799999998,514425.2465000001,211098.532,44382.125,0.0683,15072.6489722595,204784.632913583,8.2,2988.38,45.15,49.1,101.84541477586859,-12.5,-9.4,-17.1,87.7293727205522,8.847447439,130223033653.38338,97423459030.07373,147833651095.73697,105660889712.29134,106397337586.29483,97440021601.1419,57549555481.24132,67844090897.30961,20006178786.984535,27326092166.971905,102472845626.14465,960177155637.5742,101.10966335159283,63.620373202814314,121.09376273950265
2016-06-01,14351.0,1431161.0,5201.0,9150.0,329274.0,1101887.0,1012287.137,997177.4985,241604.7690000001,509561.07399999985,204005.69199999995,42005.963500000085,0.0691,15072.6489722595,204784.632913583,8.6,2991.68,46.27,48.33,102.2469588292749,-11.3,-11.7,-10.8,87.3975920276759,8.883158371,127489527230.45735,74300726751.74637,151254316987.21735,103875329752.93167,91434530135.98825,101973604266.62328,44420788220.73949,112656781433.93602,29051345782.75336,32863782986.34936,73299123817.59294,942619857366.3356,99.72552435370358,63.30974812536051,120.4248087431694
2016-07-01,14807.0,1304190.0,6201.0,8606.0,379399.0,924791.0,912684.105,924987.702,224013.59999999995,490509.0400000002,177465.19199999998,32999.869999999995,0.0726,15099.4427922402,205959.446874294,8.97,2963.99,38.97,41.6,99.33399674186948,-14.9,-11.5,-19.9,87.5356501651773,9.845308111,132389092138.5666,117010761015.86478,160155589095.2288,89708250112.16298,103069053320.35747,138983989934.7144,57690581065.27619,96513703568.94786,34221622451.55078,29500213017.653603,186892187733.67294,1146135043453.9963,88.07928682379955,61.18351878729237,107.4588659075064
2016-08-01,18039.0,1597602.0,5249.0,12790.0,308625.0,1288977.0,1130482.352,1089617.894,236576.3735,583469.9630000001,221970.87549999997,47600.68200000001,0.0719,15099.4427922402,205959.446874294,8.1,2963.82,43.91,44.7,103.27131634746314,-6.6,-0.8,-15.3,88.4048329110306,8.988419639,110511468746.86526,80093044654.49571,129131887689.69926,86865139487.07094,94640302375.86234,138114932674.8375,60829983816.530945,134790733686.83435,21208399085.35141,25489273357.44622,90484520299.03227,972159685874.0262,88.56377847996009,58.79691369784721,100.7800625488663
2016-09-01,18579.0,1736453.0,7656.0,10923.0,529089.0,1207364.0,1023568.366,1015052.318,235705.3914999999,520544.49049999996,207372.89600000004,51429.54,0.0718,15099.4427922402,205959.446874294,7.27,2921.15,44.63,48.24,103.29546650670025,-2.1,-0.5,-4.6,87.8737395475269,8.507884413,184769282514.8481,91451619205.92195,125307612716.76114,83467747687.94461,91104158646.62894,70815712673.52869,62152743319.97514,100161297225.53366,21227343413.69018,26966503099.182117,118245975891.25494,975669996395.2694,93.46321115237635,69.10775862068965,110.53410235283347
2016-10-01,14453.0,1533718.0,4407.0,10046.0,271367.0,1262351.0,1076104.866,993667.2855,228945.17299999998,514960.094,200549.4165000001,49212.602000000006,0.0709,14832.0799031076,207206.982510297,6.48,2932.61,45.83,46.86,102.45066636163645,-3.2,-4.2,-1.7,88.8275004944113,8.294320749,126328050749.1623,93916771818.023,147663072448.03833,109569567121.02676,106405704240.6324,106818563640.81754,52096865522.91691,68008696833.740845,22618103622.823914,20770055305.90893,140222957922.74268,994418409225.8336,106.1176226388985,61.576355797594736,125.65707744375871
2016-11-01,18844.0,1657325.0,8897.0,9947.0,508872.0,1148453.0,1009009.159,1017490.645,220323.42700000008,544664.018,201759.13599999997,50744.064,0.0701,14832.0799031076,207206.982510297,5.96,3106.4,44.8,49.44,103.38204536899886,-4.6,-4.7,-4.4,88.5973087338222,7.50942304,128238274688.55717,83419787782.55856,110004253746.00331,75077809004.30266,81201176405.36282,156423057034.42203,50195580482.37089,99240782017.18182,18081090639.74477,25266570337.98648,176687744956.11365,1003836127094.604,87.94974527701125,57.19590873328088,115.45722328340203
2016-12-01,22918.0,2112567.0,9992.0,12926.0,599908.0,1512659.0,1098666.173,1006878.607,216560.18250000002,572790.6535,174998.67199999996,42529.09849999999,0.0692,14832.0799031076,207206.982510297,5.75,3009.53,53.3,53.72,103.63428790965636,-10.7,-16.1,-2.6,88.9426630811063,8.742756069,137146919505.69527,90507885922.66626,154850541756.4014,118953221498.36131,87316726419.00989,179173650310.4273,57037805842.04457,94342210153.87291,13750879574.090366,25163181470.807205,338686255655.0567,1296929278108.4333,92.17937865433284,60.038831064851884,117.02452421476094
2017-01-01,11303.0,1185131.0,3587.0,7716.0,229478.0,955653.0,897063.5179999999,913190.407,194276.02000000002,502084.8329999998,171559.9665,45269.5875,0.0694,14531.0330586581,206658.743108615,5.47,2944.65,52.19,52.81,102.56874904086632,-30.2,-28.3,-33.1,88.2532554701455,11.73326674,104452511583.35356,132348943677.67955,172768249705.46136,105091363610.72882,88475671124.95328,83547247466.07384,50084436327.72072,93720003220.0318,30371154876.792934,31360154923.62598,158543005447.2203,1050762741963.6422,104.8510130053968,63.974909395037635,123.85342146189736
2017-02-01,16187.0,1590979.0,4659.0,11528.0,272961.0,1318018.0,1025704.96,1007968.299,228359.839,530826.1624999999,199731.69499999995,49050.6025,0.0678,14531.0330586581,206658.743108615,5.18,2881.68,53.4,54.01,103.00052573333558,-24.3,-19.9,-31.0,85.3369278991038,10.50429199,157485487004.23346,83515173579.55182,109690772266.01973,82525364114.90521,85825167742.39044,152209077245.0317,50567057384.06622,60348512402.69536,21382430961.53369,22163642219.188744,210463392678.09894,1036176077597.7153,98.2874528942979,58.58789439793947,114.33188757807079
2017-03-01,15231.0,1438528.0,5687.0,9544.0,354904.0,1083624.0,1099919.669,1083268.231,241130.45549999998,568447.4880000004,218640.36000000007,55049.92739999999,0.0665,14531.0330586581,206658.743108615,4.69,2943.49,50.43,50.6,102.95307945306926,-21.1,-18.3,-25.4,87.7205136677646,9.70461036,121537188121.12807,98212036874.43565,119149697493.06429,90355073924.48073,95161194877.91057,138875105994.71445,52669677766.77822,113722765456.67422,28723642312.34275,22588768481.12019,119218500317.02325,1000213651619.6724,94.44737705994353,62.40618955512573,113.53981559094719
2017-04-01,14093.0,1308557.0,5830.0,8263.0,394570.0,913987.0,976913.691,900004.9435,205596.33250000002,477863.7565,178911.55050000004,37633.304,0.0653,15004.6484354034,207472.993155784,4.66,2873.55,49.33,49.33,102.73393954910478,-12.8,-10.9,-15.7,88.1026876977681,8.907718095,105058917238.92755,125002394300.69354,124304464437.04308,109974784056.89423,88748647924.33258,92725281423.41176,53175796643.86076,123518476674.73854,25425961444.411636,12236205368.967627,124376243873.86852,984547173387.1497,92.85155751082098,67.67924528301887,110.61200532494252
2017-05-01,13645.0,1449398.0,3766.0,9879.0,254338.0,1195060.0,1021787.442,999046.0035,227246.8955,521968.2200000001,204522.21950000006,45308.66850000001,0.0617,15004.6484354034,207472.993155784,4.37,2924.0,48.69,48.32,103.23306902351261,-16.9,-12.4,-23.7,86.606913710208,9.417000747000001,86942367388.66568,115382919225.03111,117680715983.63647,87010070235.2693,84695972622.62917,82914992651.22215,47447566054.79024,115513369105.44391,25564799034.20261,22170835204.179195,223567541576.7337,1008891149081.8033,106.22191278856724,67.53531598513011,120.96973377872254
2017-06-01,14664.0,1431181.0,5180.0,9484.0,311447.0,1119734.0,1006870.521,983520.2665,218280.57850000003,510880.7304999999,207052.58650000003,47306.371,0.0596,15004.6484354034,207472.993155784,3.99,2958.36,45.63,46.04,104.91200691337667,-11.7,-10.9,-13.0,87.4367535129731,8.715522197,97102509714.27489,77960571015.42096,119879580639.81657,97805080001.1644,84538965426.53838,115249712800.38338,43678875451.410995,77288497127.35706,18843624127.893185,19984211057.93023,243380696762.15692,995712324124.3469,97.59826786688488,60.124903474903476,118.06558414171236
2017-07-01,16087.0,1391495.0,8589.0,7498.0,541947.0,849548.0,1079282.211,1041467.761,218583.61449999994,562575.7820000002,209841.80699999994,50466.557,0.0565,14789.9968942779,208758.797943133,3.4,3038.76,49.97,50.17,102.71145812240705,-9.5,-7.3,-12.7,88.3232171131733,9.675411352000001,180073635004.97592,97332896396.05884,153148966953.31653,121477490850.89503,116308235921.06972,185643124949.22906,70485201556.22382,73604588052.51288,27082316668.286167,25029702785.211887,151846863563.61884,1202033022701.3987,86.49810405917822,63.09779951100244,113.30328087489997
2017-08-01,18444.0,1701480.0,6875.0,11569.0,404488.0,1296992.0,1034803.508,1033008.493,220385.77700000003,540050.7470000001,221410.2864999998,51161.682000000015,0.0558,14789.9968942779,208758.797943133,3.87,2972.62,49.36,47.23,104.18510625166432,-15.9,-15.0,-17.3,88.0743090047504,9.10041094,134687885867.47174,62512588337.36306,136729945243.64114,119815794313.27911,96075696769.82355,116018294931.31807,66745017645.2815,110003293916.93315,22507212281.637882,16417067970.80988,140409133960.87402,1021921931238.4332,92.25113858165257,58.83461818181818,112.10925749848734
2017-09-01,16604.0,1629518.0,5999.0,10605.0,342684.0,1286834.0,1025617.127,1022836.043,221145.21250000002,534357.1909999995,214056.971,53276.6685,0.0552,14789.9968942779,208758.797943133,3.97,2918.49,55.2,51.67,103.87653376631307,-10.3,-7.7,-14.1,87.4505835427463,9.224695118,104384680787.13162,102854289231.91687,130351174065.94177,99298832320.19623,93675212592.42542,185839241182.4768,65077370527.805885,60425252933.18238,24054944749.731007,13058245766.08915,139943207314.00208,1018962451470.8993,98.1400867260901,57.123520586764464,121.34219707685054
2017-10-01,15722.0,1497239.0,6413.0,9309.0,403629.0,1093610.0,1081553.104,1029658.672,219473.55650000004,542529.4955,211352.941,56302.67850000001,0.0546,14581.3216116607,209765.465792468,4.05,2955.06,58.53,54.38,103.4802762430428,-10.6,-6.0,-17.5,87.8191055194055,8.555585718,93174674704.99553,109464140396.88026,122963535398.84567,115004917873.7593,117551030201.61424,160518770050.19485,71012922798.05981,86816387211.31892,22456857128.69052,15690639782.672457,119796789451.83264,1034450664998.8643,95.23209515328838,62.93918602837985,117.47878397249973
2017-11-01,12888.0,1467734.0,2882.0,10006.0,207041.0,1260693.0,1028965.694,1021276.669,221269.81350000005,543652.2385000001,199709.66899999997,56644.94750000001,0.0535,14581.3216116607,209765.465792468,4.12,3013.17,61.06,57.4,104.2719574116005,-10.0,-9.0,-11.4,89.1736469675501,8.370564225,69143146222.84523,117334024227.53075,124706817289.94429,98951693765.21753,110531147290.93446,160383761342.2448,35521906271.11191,75997382358.86627,21230961176.99557,25516389563.583183,209272837192.85275,1048590066702.1267,113.88376784605835,71.83934767522554,125.99370377773336
2017-12-01,17550.0,1599591.0,7094.0,10456.0,446649.0,1152942.0,1020361.518,948589.074,210527.31300000002,520995.9945000002,170001.57249999998,47064.193999999996,0.0528,14581.3216116607,209765.465792468,4.09,2991.42,64.47,60.42,105.32660459415466,-6.0,-5.1,-7.3,88.5020858944112,8.627388932,124663304296.3013,88145921213.4785,141016619860.73184,146741971696.34317,109070530474.18565,245721383865.17197,44657282456.93236,119843715541.47832,24552047384.548744,18379877527.75553,301689908915.17926,1364482563232.1067,91.14478632478632,62.961516774739216,110.26606732976282
2018-01-01,14436.0,1281013.0,5815.0,8621.0,365711.0,915302.0,907424.551,909395.545,190439.68200000003,501281.3124999998,165063.33100000003,52611.2195,0.0521,14181.1523865483,210783.876755994,3.68,2867.68,66.28,64.73,104.24095555570896,-5.4,-4.6,-6.6,90.9330989913769,11.76234834,126348124038.46365,150880621221.60162,123513231878.69702,140027804607.41614,77235502772.59195,179663365373.11002,61819661918.13555,51959342789.10879,20673718081.596886,13171511721.015312,164887813396.41397,1110180697798.151,88.73739262953727,62.89097162510748,106.17120983644588
2018-02-01,15809.0,1386019.0,6381.0,9428.0,392501.0,993518.0,955712.2940000001,960500.2815,212042.60599999997,499921.26800000004,198454.42150000005,50081.98599999999,0.0507,14181.1523865483,210783.876755994,3.37,2860.0,63.97,61.64,104.40648600977642,-7.8,-6.6,-9.7,89.9024385131261,10.80321825,120576161059.70668,78973994714.28633,122833755328.27281,101828590154.32974,93542940064.14133,215729750289.61063,68310640901.71924,139504219503.13605,24656077125.28597,19847048496.81582,108938243971.41136,1094741421608.7158,87.67278132709217,61.51089170976336,105.37950784896054
2018-03-01,13195.0,1082808.0,6906.0,6289.0,408282.0,674526.0,1065677.36,978879.9053,218808.29450000005,522409.44830612245,187013.2245,50648.938,0.0501,14181.1523865483,210783.876755994,3.14,2852.46,65.87,64.94,106.7271336402474,-3.2,-0.3,-7.4,92.8363357209403,9.435967173,113838695397.05069,86529055098.1904,123630101109.72757,107993626905.49338,97489687510.43019,165036948268.42245,79197077540.54509,78202281552.25395,27197200389.877525,24476577526.657143,157490705903.84454,1061081957202.4929,82.06199317923456,59.11989574283232,107.25488948958498
2018-04-01,18079.0,1662859.0,7552.0,10527.0,454657.0,1208202.0,1034777.564,1030819.548,225205.1775000001,563846.7544999999,192259.79649999994,49507.819,0.049,14229.4689062741,212409.948851628,3.13,2765.96,71.02,68.57,104.8300772649724,1.5,6.1,-5.4,92.8182560101706,9.462585835,96872679847.4685,89667427005.11705,104599496608.12064,91660036494.11957,86540725945.2459,197233153856.25446,58170155526.07872,82968136481.74632,22074610991.877903,29010989114.72534,175045208582.5201,1033842620453.2747,91.97737706731567,60.20352224576271,114.77172983756056
2018-05-01,14815.0,1393986.0,6955.0,7860.0,426623.0,967363.0,1007110.9,984012.0279,236792.78549999997,504166.684384354,192226.9025000001,50825.655499999986,0.047,14229.4689062741,212409.948851628,3.16,2862.95,75.18,67.04,105.66837935099427,8.9,13.5,1.9,92.754095243948,9.729973385,149506927377.1822,95845682071.68413,122768030791.73383,118147030318.42885,88288387990.93802,124899275554.04637,60146222137.8717,95392051392.50789,23317998163.104103,25352845389.62532,165093665333.17047,1068758116520.2928,94.09287883901452,61.34047447879224,123.07417302798981
2018-06-01,12457.0,1331143.0,2616.0,9841.0,172072.0,1159071.0,995598.413,943219.3038,226039.77250000005,491553.3107301589,181408.312,44217.9086,0.046,14229.4689062741,212409.948851628,3.2,2893.22,75.68,74.15,106.65394007131526,15.5,24.6,1.9,91.8109529784651,9.082086738,77133585068.94136,76874007281.74347,132493714652.41487,136988095858.81842,97606560136.91173,220342739695.55893,40435662984.2919,79094971145.42857,23477336951.083607,12406122277.01732,155969973482.6664,1052822769534.8766,106.85903508067753,65.77675840978593,117.77979880093487
2018-07-01,14612.0,1358522.0,5666.0,8946.0,361558.0,996964.0,1021557.796,990012.087,233390.72180000014,524902.8645,182282.65370000005,49435.846999999994,0.0457,15077.6683325839,214869.027005596,3.12,2885.55,73.62,68.76,105.64210814781543,9.8,16.6,-0.4,92.103990457173,9.720666293999999,137487153693.265,151448096141.1415,146427805361.45218,131800775560.66899,97648750890.3133,202576854637.64804,63729256654.79318,107128709199.55872,38997019012.28333,29872428526.799976,183056632723.15146,1290173482401.0757,92.97303586093622,63.811860218849276,111.44243237200983
2018-08-01,16384.0,1512130.0,8183.0,8201.0,528686.0,983444.0,1097724.287,1061280.178,241570.65799999994,561625.1500000001,206398.6165000001,51685.75349999999,0.0453,15077.6683325839,214869.027005596,3.1,2959.57,75.74,69.8,107.4901254854955,4.7,9.4,-2.5,91.823271639309,9.156414566,78311828201.9061,112447945307.3629,112623790997.24861,109721934512.03279,91295986543.06682,149368480635.85886,54527246379.36693,102695406686.13927,22649556347.600197,17332448446.26892,225866085429.03586,1076840709485.8873,92.2930908203125,64.60784553342295,119.91757102792343
2018-09-01,16353.0,1419585.0,7659.0,8694.0,496702.0,922883.0,1083427.007,1030848.103,241240.28750000003,536806.706,205553.36199999996,47247.7475,0.0453,15077.6683325839,214869.027005596,3.23,3037.8,81.48,73.25,106.7707919671409,-0.7,5.1,-9.4,93.500015046708,9.482185057999999,69646082505.34148,92580203097.24571,127145791916.82056,123834229107.37962,106997400863.40794,153194313906.47513,69856750780.39755,45305205770.992615,23131138093.48639,30058261521.139282,229672223700.1707,1071421601262.8567,86.80884241423593,64.85206946076511,106.15171382562687
2018-10-01,12799.0,1279576.0,4124.0,8675.0,265275.0,1014301.0,1107128.553,1083220.162,250102.3990000001,571997.8650000002,211945.58399999992,49174.314000000006,0.0443,14667.7103745937,215945.147386781,3.33,3080.48,75.24,65.31,107.15739933668647,-1.3,3.9,-9.2,92.7674085826408,9.061199151,132741190942.39827,120137687024.56932,119706235180.21112,115131950065.21216,112988536101.23216,138026450955.01306,53581823058.50133,108680590794.31683,29113752983.486595,23662936852.34529,137918481848.95215,1091689635806.2383,99.97468552230643,64.32468477206595,116.92230547550432
2018-11-01,16747.0,1492920.0,5278.0,11469.0,313563.0,1179357.0,1094297.689,1064519.697,243692.34399999992,567365.9195000001,204609.29550000004,48852.1375,0.0442,14667.7103745937,215945.147386781,3.27,3198.13,58.33,50.93,107.7744508692278,-19.6,-23.7,-13.5,94.6975392702433,8.758345912000001,75235996157.15335,110263411280.1645,129377467987.92348,118646009798.53947,112177277881.3319,128562441620.9047,79479372923.1999,92052938636.79802,26573521998.921158,22246126837.226154,216281788695.25443,1110896353817.417,89.14551860034634,59.40943539219401,102.82997645827884
2018-12-01,15475.0,1383949.0,5286.0,10189.0,322625.0,1061324.0,1089381.039,973383.7275,222651.06599999996,532637.6125000003,173410.22350000002,44684.825500000006,0.0454,14667.7103745937,215945.147386781,3.18,3212.48,51.55,45.41,107.1553265121314,-8.3,-11.1,-4.1,94.1525975458987,9.721090115,120730479866.4662,95121146545.5249,151742097832.02176,194469899604.18408,111000617818.26384,251764802745.4548,58016218341.5719,127669231172.50833,26479477421.107075,18339432100.24665,303859218131.53784,1459192621578.8877,89.43127625201939,61.033863034430574,104.16370595740504
2019-01-01,13668.0,1188413.0,6988.0,6680.0,437059.0,751354.0,927632.5511,917149.6290000001,197390.44449999995,506254.3009999999,164533.74149999995,48979.984000000004,0.0456,14060.2902551817,217538.741334099,3.15,3161.91,61.19,53.79,108.04354357858345,-2.8,-0.4,-6.4,95.9790099879085,12.79545763,165453569244.4056,131026080567.9892,143949723390.81845,140315760354.29092,94652072385.99414,199979647471.72998,49471393997.27347,117113075844.29475,21657878799.12808,27597068251.49953,86368602490.80417,1177584872798.2283,86.9485659935616,62.544218660560965,112.47814371257485
2019-02-01,14503.0,1258836.0,5802.0,8701.0,322419.0,936417.0,984963.2787,972505.9820000001,236243.43850000008,495980.89299999975,187826.7639999999,52459.58649999998,0.0457,14060.2902551817,217538.741334099,3.01,3115.15,65.28,57.22,108.00487852326077,-5.6,-2.7,-9.9,97.128149857877,11.76839801,186068781672.9575,92363304734.96431,128624991939.33827,148210884342.1519,111946519024.39133,109343556058.61345,83607988559.07793,105621549761.07391,34741993006.33164,41328035056.9462,133801492808.88722,1175659096964.7336,86.79831758946425,55.57032057911065,107.62176761291805
2019-03-01,16095.0,1436401.0,8288.0,7807.0,523030.0,913371.0,1139886.288,1035824.273,250441.8969999999,537382.4850000003,190777.17500000002,57222.7155,0.0455,14060.2902551817,217538.741334099,3.21,3125.34,67.23,60.14,108.25326560769955,1.2,2.9,-1.4,98.4613897055117,10.81656759,95425034870.32254,102557990360.42499,113340022074.96303,121390276309.64911,100375905459.13927,221346971533.39087,61474640230.33813,111306131098.97308,30696314247.04034,23476921882.438694,155186432782.22202,1136576640848.902,89.24516930723827,63.106901544401545,116.99385167157679
2019-04-01,14190.0,1309314.0,6214.0,7976.0,409800.0,899514.0,971012.9838,991119.6565,223598.03449999998,542069.0804999999,173670.52050000004,51782.02099999999,0.0454,13983.5951945293,219311.916675723,3.25,3155.22,71.91,63.91,109.15993947628722,-9.6,-6.0,-14.9,98.3724954248396,10.33434281,187774206963.56314,112228114817.86818,124683003440.06021,138281070043.44458,102975264925.96939,127522212700.94835,56337977940.762054,114439506242.85086,29306127643.44725,18171550871.093678,108832323645.30373,1120551359235.3113,92.27019027484144,65.94785967170904,112.77758274824474
2019-05-01,16021.0,1504449.0,5249.0,10772.0,331607.0,1172842.0,1119004.64,1054963.389,254180.74799999993,540717.822,201853.62649999995,58211.191999999995,0.045,13983.5951945293,219311.916675723,3.31,3310.49,64.15,53.5,110.10410088018749,-5.0,-4.0,-6.5,99.7278182312296,10.53764325,156902204332.7118,125164365308.058,141583168251.68854,136087800825.85202,125285414017.25333,102974021897.78235,80706055609.70934,126341459652.64796,20672963088.353527,20131331483.1142,123584007160.229,1159432791627.4,93.90481243368079,63.17527148028196,108.8787597474935
2019-06-01,14557.0,1311724.0,5436.0,9121.0,348442.0,963282.0,1025756.149,979304.473,229692.0549999999,510160.81849999994,186050.88599999994,53401.41349999999,0.0452,13983.5951945293,219311.916675723,3.43,3256.02,65.6,58.47,109.1045173648812,-6.3,-5.0,-8.2,99.7062865238533,9.437093471,137897155335.1174,99669943503.48859,131433057401.0397,166116572505.81415,109742969708.62831,168511193716.84018,74967085205.30348,68737892071.37149,26884085500.344326,31146857344.84015,124587429379.36075,1139694241672.1484,90.10950058391153,64.09896983075791,105.61144611336476
2019-07-01,18598.0,1593723.0,10099.0,8499.0,677553.0,916170.0,1118126.678,1113127.087,253725.77699999994,590151.2294999999,210880.217,58370.5255,0.0447,13931.2337335294,221794.68633577,3.79,3208.11,65.53,58.58,110.21280851469885,-5.1,-5.1,-5.1,100.541041478316,10.71607652,138195853376.1391,145175689801.11728,145902742455.65567,167808207595.7528,114762452003.17445,255814552018.04285,55059169367.55529,116910714651.50992,40083572442.21511,26672811646.891636,185502270301.42764,1391888035659.4817,85.69324658565436,67.09109812852758,107.79738792799152
2019-08-01,13608.0,1295686.0,5858.0,7750.0,356731.0,938955.0,1175004.609,1099298.476,253148.91299999997,583977.0940000002,201432.73950000008,60741.76699999999,0.0443,13931.2337335294,221794.68633577,3.75,3412.65,60.11,55.1,110.4979568836197,-11.8,-13.5,-9.2,101.103268935886,10.79632811,111511365859.36942,106442849150.01752,121102595106.11743,132987855975.08348,111412698489.76413,144939166597.82126,85250510616.96454,78166843245.54292,20526809384.717705,19180940765.637035,239277392379.41187,1170799027570.447,95.21502057613169,60.89638101741209,121.15548387096774
2019-09-01,14501.0,1245726.0,6449.0,8052.0,383222.0,862504.0,1093947.951,1078411.724,234637.093,586285.8820000001,199959.03450000007,57529.71400000001,0.0448,13931.2337335294,221794.68633577,3.82,3399.62,61.09,54.07,109.13928737960379,-10.7,-13.1,-7.1,101.80538925809,10.22371114,123339326947.48048,114165522346.83,115091400735.49626,145878167443.1715,107080782484.88126,164423384282.09998,62176229063.71001,159292251805.76227,18737086428.99573,23845469678.21073,138449186693.75092,1172478807910.3892,85.90621336459554,59.42347650798573,107.11674118231495
2019-10-01,15610.0,1318134.0,7746.0,7864.0,454186.0,863948.0,1135813.51603,1110885.7084999997,250053.06449999998,580178.6345,218082.85550000003,62571.153999999995,0.0441,13917.8808167597,222578.655654409,3.86,3437.73,60.52,54.18,110.34413463656465,-9.8,-8.9,-11.2,101.82738119377,9.84162483290371,131791131925.76097,124978613002.33818,124476489716.81143,144565904396.85654,130366828680.49042,173623520159.0199,36034516526.96699,142595078113.98062,30605695628.722748,18426333968.293434,140083240694.62863,1197547352813.8699,84.4416399743754,58.634908339788275,109.86113936927772
2019-11-01,16336.0,1508220.0,6717.0,9619.0,401170.0,1107050.0,1112914.99874,1083302.7865000004,235634.933,590806.1160000002,194483.00500000003,62378.732500000006,0.0443,13917.8808167597,222578.655654409,3.84,3411.42,62.43,55.17,110.17349923846479,-14.4,-15.5,-12.8,102.343192453701,9.25094900998434,129620040991.55025,118606775963.61388,127457099486.18495,155410817959.59573,132968060635.41696,186010016616.39944,58757271287.08658,104329345878.96577,36790729310.351524,23368852536.88684,148108713924.2603,1221427724590.3123,92.32492654260528,59.724579425338696,115.0899261877534
2019-12-01,39671.0,3243261.0,22883.0,16788.0,1358622.0,1884639.0,1191117.58723,1079406.9374999995,236446.14049999995,594386.042,189369.82749999998,59204.92749999999,0.0452,13917.8808167597,222578.655654409,3.8,3383.0,66.0,61.06,110.58330581727178,-9.5,-7.7,-12.2,102.904576949019,9.53174880650129,211024264651.4287,161146077235.6639,171735992923.96835,237939146140.5603,131431197745.39955,113932972316.55577,64531274190.61995,198808570382.6966,35043115356.518814,17819037386.63589,271685323117.22665,1615096971447.2744,81.75395124902322,59.372547305860245,112.26107934238742
2020-01-01,16657.0,1455120.0,8157.0,8500.0,505538.0,949582.0,1045240.9104100001,994701.2989999999,192569.5064999999,567340.0194999997,171294.29249999998,63497.4805,0.0454,11595.5629877272,218060.769441977,3.62,3317.37,58.16,51.56,112.91686528243649,-1.2,-0.3,-2.5,103.039955713295,12.9879981543389,124182283389.09978,130800371347.56197,145047273557.0607,152277469358.95163,104903134703.68881,246608134985.38974,32475150242.092003,149844103574.41016,36494296012.113815,24105837668.220528,150884687627.0102,1297622742465.5994,87.35786756318664,61.9759715581709,111.7155294117647
2020-02-01,15405.0,1363501.0,8341.0,7064.0,566125.0,797376.0,1042243.9819700001,1024532.777,244020.92349999992,513638.7509999999,200267.12250000006,66605.98,0.0446,11595.5629877272,218060.769441977,3.72,3408.24,50.52,44.76,111.6176985667555,-11.2,-12.0,-10.1,103.433022548918,12.1552632018055,183232163214.5522,108057149004.10684,128624090154.6207,158924868127.12845,111693462094.77907,177742778858.96878,86790676818.4012,111935343655.20436,18078400754.450825,34138934438.11064,176113550672.79327,1295331417793.1167,88.51028886725089,67.87255724733245,112.8788221970555
2020-03-01,10453.0,807688.0,5775.0,4678.0,347682.0,460006.0,850163.8414499998,739689.4209999999,161437.58500000002,378068.5274999999,154881.059,45302.2495,0.045,11595.5629877272,218060.769441977,3.86,3870.01,22.74,20.48,100.81638864493941,-23.8,-13.1,-39.8,103.449130185718,12.6341056681643,148620316371.0275,109061450311.67552,97184353130.63388,146324112501.49786,113412306042.19443,147790850431.73492,67803697871.73856,104517223215.35579,24164183731.206917,19094492702.80535,166937231524.52658,1144910217834.3972,77.26853534870372,60.20467532467532,98.33390337751176
2020-04-01,3169.0,272276.0,1335.0,1834.0,85565.0,186711.0,198924.91745,242413.68499999997,12558.045499999998,192407.47849999994,28778.992499999997,8669.1685,0.0455,8560.61543688213,183444.716998635,3.51,3986.56,19.33,18.84,87.29602270704657,-41.3,-20.1,-73.0,74.6405160691448,19.8111421208653,69279919631.48596,111378434166.5972,76993172137.86047,177105460748.86053,107494670800.26779,119577891168.35693,58874270876.43323,112872014701.39839,12795764545.061731,15052747779.994156,217428579044.36038,1078852925600.677,85.91858630482803,64.09363295880149,101.80534351145039
2020-05-01,8381.0,724809.0,4747.0,3634.0,302073.0,422736.0,778730.32458,705921.0154715361,120749.27451724242,418655.7740134728,127786.66394614601,38729.30299467468,0.0429,8560.61543688213,183444.716998635,2.85,3863.34,37.66,35.49,91.22870544711274,-34.0,-14.4,-63.4,84.3606197177903,21.3784917915415,101040798700.86652,124106889898.35533,86356461842.49754,202816785860.2068,107881269074.57812,143163950799.00894,68505949859.52903,103610107719.13521,25688663468.380394,14806781018.99658,187793320240.9325,1165770978482.487,86.48240066817802,63.63450600379187,116.32801320858557
2020-06-01,10924.0,948696.0,6332.0,4592.0,409971.0,538725.0,977660.2515,904954.750150766,178289.6257248841,515418.5089471125,162568.10898935987,48678.506489409454,0.0376,8560.61543688213,183444.716998635,2.19,3693.0,41.15,39.27,95.9549955801298,-33.1,-12.7,-63.6,94.6494714980853,19.8131768373933,93486173160.77034,132202894837.32802,89825383395.71924,213380110965.51166,102150053121.78757,149551453101.94455,50555790293.81365,92709979247.08456,23741543238.317986,10156072589.223875,222270948922.40836,1180030402873.91,86.84511168070304,64.74589387239419,117.31816202090593
2020-07-01,12102.0,1042196.0,5947.0,6155.0,353556.0,688640.0,1131331.24994,1092613.4212535247,209398.82681388108,629202.181047261,194331.3399289543,60127.0734634285,0.0334,10251.4501816129,202974.903371532,1.97,3660.6,43.3,40.27,99.13435213605449,-32.7,-14.6,-59.9,96.4909644211425,20.2235286868572,117384103532.4938,150907277808.61478,100928138608.97069,185112927445.23395,106341468957.90042,202718542702.12482,56781086128.33443,67023646143.96416,25076811125.213448,17354336947.99069,224160185578.21332,1253788524979.0544,86.11766650140473,59.451151841264505,111.8830219333875
2020-08-01,11799.0,947342.0,6561.0,5238.0,382144.0,565198.0,1095590.7163099998,1052074.0063193317,207525.33349755852,589874.8203616862,189811.91847333906,64861.933986747776,0.0279,10251.4501816129,202974.903371532,1.88,3788.1,45.28,42.61,99.73415215450049,-25.4,-2.9,-59.0,91.3500420892573,16.75725761208,83741650208.29074,113981885172.11414,101305123437.79724,167962916504.7083,99966428166.97713,194664941764.447,56338079790.60356,88051389127.58493,24270442286.855778,20624344607.19197,120581485666.38704,1071488686732.9579,80.29002457835409,58.244779759183054,107.90339824360443
2020-09-01,16058.0,1426005.0,8757.0,7301.0,613798.0,812207.0,1148007.0560799998,1131203.3644497455,221153.48424987792,624892.8742584455,216761.35346888538,68395.65247253678,0.0239,10251.4501816129,202974.903371532,1.97,3749.86,40.95,40.22,102.4647723798412,-21.6,2.4,-57.6,104.821302398501,15.7710538674914,92067040250.70349,136705838630.08214,99985839220.73587,179670530770.96494,107515610168.7956,184101551956.37155,58419808325.89431,89060823442.50436,36058581481.94286,20875181860.408592,142967002204.90573,1147427808313.3096,88.80340017436792,70.09226904190933,111.24599369949323
2020-10-01,14669.0,1188899.0,8531.0,6138.0,500607.0,688292.0,1190414.39382,1169113.168018621,227630.35200933833,641551.249072581,227159.4044506035,72772.1624860978,0.0203,10515.3713937778,214633.610187856,1.75,3833.06,37.46,35.79,105.43070507401093,-18.6,0.5,-47.3,107.508618499675,14.6507309342331,111368845149.50777,158391516869.97284,117579648987.05127,195949505339.89804,128156965958.7437,162887930267.2171,64610275984.17214,137040936226.05818,30308448035.18827,16320279764.902128,112118995132.86432,1234733347715.5757,81.04840139068784,58.680928378853594,112.13620071684588
2020-11-01,14332.0,1242443.0,8114.0,6218.0,517626.0,724817.0,1213983.87422,1121991.0294715855,206029.97934619835,632677.4311184256,212725.21350847624,70558.40549848539,0.0196,10515.3713937778,214633.610187856,1.49,3680.67,47.59,45.34,106.1616934511965,-13.6,6.5,-43.9,114.88404882594,13.3111917867181,85260205651.98608,174363049278.87863,118288924100.88077,233226036127.6346,136159465824.3846,120654665146.30518,49738484593.27102,130932194377.79349,25481157474.474052,25023665930.673744,210353767340.7276,1309481615847.0098,86.69013396595032,63.79418289376387,116.56754583467352
2020-12-01,22467.0,1965953.0,10471.0,11996.0,648525.0,1317428.0,1176276.36669,1054316.5519262285,197000.4855984631,611361.4898800256,184427.9444608149,61526.63198692465,0.0193,10515.3713937778,214633.610187856,1.61,3468.5,51.8,48.52,107.2063338662334,-10.4,11.0,-42.6,101.272307953196,13.3717176087206,158799173243.33734,220481873181.73978,165114837422.19415,292161165286.0911,159845014442.2384,277127773584.8597,72988395812.31142,133847233357.66765,44629338662.46769,22273275650.244587,169557819139.24948,1716825899782.4016,87.50402813014644,61.93534523923216,109.8222740913638
2021-01-01,12532.0,1158383.0,5417.0,7115.0,349060.0,809323.0,1034344.6511700001,989097.346747658,172804.45768505856,572146.4790968924,182832.89995823096,61313.51000747633,0.0191,10868.5824369507,221699.323337129,1.6,3494.53,55.88,52.2,108.62637461911773,-20.8,0.3,-52.5,98.2359415308867,17.2667750755568,81885571101.37917,149646613880.62445,138545120827.87402,237653074900.8963,99385365145.64265,251911093707.8187,53933661643.62385,128575682615.82405,29998674177.930782,29155052292.21871,128045837769.87956,1328735748063.7124,92.43400893712096,64.43788074580026,113.74884047786367
2021-02-01,17001.0,1594565.0,8074.0,8927.0,527027.0,1067538.0,1139862.9028099999,1079241.918603762,217756.13497324995,596385.5410397503,202291.68707672,62808.555514042004,0.0181,10868.5824369507,221699.323337129,1.56,3552.43,66.13,61.5,109.82411281346735,-14.6,6.2,-45.8,112.021727996173,15.8852550962665,114489434800.7789,149974720364.85046,102053931814.50627,164631340764.14255,110087826650.79446,200019881791.28122,60439866870.38409,135165304404.0582,31718711389.977566,18468259380.592915,212322165668.04117,1299371443899.408,93.79242397506029,65.27458508793659,119.58530301333035
2021-03-01,18879.0,1567677.0,12280.0,6599.0,786677.0,781000.0,1200339.11513,1189013.785822511,237974.04715147582,662242.2606484364,218474.18303369728,70323.29498890165,0.0177,10868.5824369507,221699.323337129,1.51,3617.0,63.54,59.16,111.01788167607225,-11.4,9.6,-42.8,113.496764297679,14.1805134603959,104538533815.91647,133049270204.61388,112092932356.28813,184174684218.4237,109871804251.41649,203814129419.0417,63935820843.19448,126039969571.22925,25794161238.200703,7764761095.007508,203654698895.37256,1274730765908.7046,83.03813761322104,64.06164495114007,118.35126534323382
2021-04-01,14859.0,1385698.0,6662.0,8197.0,423037.0,962661.0,1135881.75936,1050823.8795673,200050.35229348997,594328.0829268944,196829.54839210017,59615.89595481539,0.0176,10606.4464713819,216791.642311822,1.95,3651.85,67.25,63.58,108.9878202263862,-34.2,-23.3,-50.5,100.559850337906,15.0527963446226,123904395550.69293,145857675629.24838,106065632753.78154,182985083971.2387,111237133113.21509,174105144961.10132,72912640761.3049,91642776044.70926,32736634263.644775,25135313732.31301,142200710096.6969,1208783140877.9468,93.25647755569015,63.5,117.4406490179334
2021-05-01,14709.0,1443361.0,7197.0,7512.0,498833.0,944528.0,880396.3769699999,815891.1531292497,176177.8407015019,441460.59141654137,148376.46397361,49876.25703759682,0.0182,10606.4464713819,216791.642311822,3.3,3741.96,69.32,66.32,103.7276042610766,-34.3,-16.0,-61.7,96.161526398249,15.6321879448073,81107201317.79349,135641963089.6721,105486697024.01015,220218716545.5851,115673394994.02417,135389840432.64455,56938149360.27894,151874976927.99008,24307970679.352528,16763443967.812971,159301733612.2579,1202704087951.422,98.12774491807737,69.3112407947756,125.73588924387647
2021-06-01,17245.0,1579777.0,9136.0,8109.0,623013.0,956764.0,1108427.02086,1071846.8951617861,211388.911499189,608865.9421469576,185460.05245303444,66131.9890626049,0.0191,10606.4464713819,216791.642311822,3.63,3693.0,75.13,73.47,110.80923164873653,-22.3,-4.6,-48.8,105.288717149588,14.4015283126491,113544222642.3862,137629595765.19858,99896952216.73021,202590764966.3721,103720006000.07089,210181881293.07553,75396022293.07266,114976080692.12236,23988519369.664238,15015741794.382551,146550032527.75775,1243489819560.8333,91.60782835604523,68.19319176882662,117.98791466272043
2021-07-01,15358.0,1394791.0,6948.0,8410.0,447888.0,946903.0,1201721.72126,1131975.8721812926,235244.72718314367,624002.5330201706,204667.54546907518,68061.0665089035,0.019,10564.9691420256,230740.513685492,3.97,3832.24,76.33,73.95,113.0626601602342,-7.5,8.6,-31.7,110.494238726485,14.2888782035957,107670353679.30617,229001094737.363,147777370658.8046,280160913774.4332,130543064077.87428,182576660725.1327,82182351858.37666,125589375140.26341,42642008922.230125,30709946317.582104,151753828294.4848,1510606968185.8508,90.81853105873161,64.46286701208982,112.59250891795482
2021-08-01,15569.0,1496459.0,7562.0,8007.0,515643.0,980816.0,1163338.65836,1097753.468875837,237471.61781041027,592935.6825302372,199891.75747976877,67454.41105542112,0.0199,10564.9691420256,230740.513685492,4.44,3887.68,72.99,68.5,112.22904597817403,-8.2,6.2,-29.9,113.652619308612,12.3318307359171,53157147453.006195,130297876831.4144,121596818652.06271,236674399865.06125,117715921458.16815,121885522443.06876,56352293604.2962,136726366245.37825,32866734962.31856,6649817678.526324,246535833192.7724,1260458732386.073,96.11786241890937,68.1887066913515,122.49481703509429
2021-09-01,14698.0,1418880.0,5492.0,9206.0,373300.0,1045580.0,1229149.66213,1163960.6973291645,253187.76098208985,638849.2798392794,201381.00452847383,70542.65197932115,0.0205,10564.9691420256,230740.513685492,4.51,3820.28,78.52,75.03,116.56712177179926,-3.0,14.1,-28.7,113.837236685608,12.1062182139969,197524121681.6265,170389785785.5244,125992688420.48863,141339723946.68082,118922204868.09706,134292674832.06372,57986809931.50726,108552452560.93062,23517880487.317142,22856511302.5664,138305916740.7547,1239680770557.5574,96.53558307252688,67.9715950473416,113.5759287421247
2021-10-01,12504.0,1136347.0,5849.0,6655.0,363391.0,772956.0,1234917.7193399998,1150044.1520391337,244798.3045333405,634635.3255083405,190174.7674963642,80435.75450108893,0.0222,11214.4744689914,237339.429535097,4.58,3771.68,84.38,83.57,115.7768087022818,-1.3,10.6,-19.2,120.003048756378,11.787,93352997135.53284,130461452256.25697,130445861575.5444,247669677616.64,72963243815.04947,122984572203.20686,33585141693.204983,86224523042.92857,15141066245.402143,17860794058.892315,302641232664.56445,1253330562307.2231,90.8786788227767,62.12873995554796,116.14665664913599
2021-11-01,14349.0,1365339.0,6989.0,7360.0,422990.0,942349.0,1201226.82702,1166822.4461520356,232561.1316339866,653671.730512422,195161.32897748955,85428.25502813722,0.0265,11214.4744689914,237339.429535097,5.26,3900.51,70.57,66.18,117.28592201154169,-1.4,6.4,-13.1,117.747041759397,10.827272123,103631964953.32263,137929885823.3485,158217320244.09024,253790989914.9611,86059444718.50414,78014989295.23738,34300502254.914665,65635600840.07627,13752186424.173555,12201489899.75775,385533187804.8458,1329067562173.2322,95.1522057286222,60.52224924881958,128.03654891304348
2021-12-01,24026.0,1976881.0,10004.0,14022.0,628459.0,1348422.0,1267497.43058,1134856.199453733,226873.13102963133,648098.7729525287,174766.44799877898,85117.8474727936,0.0308,11214.4744689914,237339.429535097,5.62,3967.77,77.78,75.21,118.82123968397597,-7.0,2.1,-20.6,119.401287053039,11.006662179,123600118126.11026,144824628105.86478,205837226354.6781,290980976929.9442,87978570852.2788,91801010466.03227,25917907053.841846,83175143133.33269,27662109315.695415,18775341375.793472,558351655293.205,1658904687006.7769,82.2809040206443,62.82077169132347,96.16474112109542
2022-01-01,14985.0,1292596.0,8962.0,6023.0,584246.0,708350.0,1040180.8580000001,963889.4783152957,191943.36788345082,534849.7584299403,160638.99853585064,76457.35346605352,0.0347,11331.6885557301,240577.483936718,6.94,4000.72,91.21,88.15,117.38981201583351,-13.5,-2.4,-30.0,115.505956431718,14.647251143,110952511248.2187,159144277753.1676,144681965080.19946,182156689747.52225,80621336991.82793,183831680635.05136,15510540051.898748,143995041017.0722,32777624445.838184,11401316756.693613,204067046297.34235,1269140030024.8323,86.25932599265933,65.19147511716135,117.60750456583098
2022-02-01,18786.0,1705277.0,10587.0,8199.0,668137.0,1037140.0,1136611.145,1107069.651350963,232458.52170312137,601208.0650787908,189160.41845641707,84242.64611263384,0.0431,11331.6885557301,240577.483936718,8.01,3938.36,100.99,95.72,119.3717473403322,-17.5,-4.7,-36.8,118.167664729001,12.905169722,126354357185.50748,152476360050.44135,135253661062.97697,182653972977.0911,99682434188.56146,158336151565.9342,24729084669.95043,145493337095.54526,37478461190.34977,12645275052.260157,194069846288.15945,1269172941326.7776,90.77382093048014,63.10919051667139,126.49591413587022
2022-03-01,19716.0,1705976.0,8775.0,10941.0,595986.0,1109990.0,1340105.9333999997,1257126.3162233853,261280.9175,706723.1061468859,206051.95945751196,83070.3331189875,0.0497,11331.6885557301,240577.483936718,8.53,3805.52,107.91,100.28,119.68213464681364,-17.8,-8.2,-32.3,129.688486974115,12.121232557,117963845843.77132,140868402107.6493,128770731532.99957,193261562189.7925,99775212019.13571,139784304264.74423,26721017984.453903,141124061639.60532,32306626058.08622,7105204492.271786,157893433161.5953,1185574401294.1052,86.52749036315683,67.91863247863247,101.45233525271912
2022-04-01,22003.0,1704511.0,13097.0,8906.0,757655.0,946856.0,1215579.2924999997,1089206.2393794097,232277.8615113701,589459.0558817,185659.72544556993,81809.59654077003,0.0597,11574.947720277,244115.504865641,9.23,3796.39,109.34,104.69,121.80312558937291,-17.5,-7.4,-32.6,120.042132047227,11.168465857,96522728444.99141,139321097044.2333,122989512295.0448,138568010033.18335,93975645102.29192,125124601961.36717,35012883549.90852,140359837749.1299,27531505587.147015,7911034226.6541,216512515676.84915,1143829371670.8008,77.46720901695224,57.84950752080629,106.31664046710083
2022-05-01,15253.0,1505346.0,6807.0,8446.0,420475.0,1084871.0,1250767.5853,1103484.4698480892,267561.2355191245,581284.5908530249,189283.33451026923,65355.30896567077,0.0704,11574.947720277,244115.504865641,9.07,4027.6,122.84,114.67,120.87036119482207,-14.7,-3.5,-31.5,118.579796510714,10.648261518,94940422700.95602,136324942278.32578,115655824994.53223,133020095192.79054,103100681684.38176,160640024474.38135,39305952174.987335,163817851222.6487,29747166487.119568,8679195771.507627,217741227250.1037,1202973384231.7346,98.69179833475381,61.77097105920376,128.44790433341225
2022-06-01,,,,,,,1189246.776,1116811.6507215714,255156.23066696164,596692.9068298846,191308.39599665318,73654.11722807222,0.0772,11574.947720277,244115.504865641,9.67,3922.5,114.81,106.22,,2.9,17.5,-19.0,127.20120274476,11.261201224,98819410894.7974,140780007177.10324,130412949314.0481,177769263964.81265,97259779676.79721,131735938359.74724,31338223432.645267,129714641501.41832,31650605408.51341,10530631192.970533,238083835667.15997,1218095286590.0134,,,
2022-07-01,,,,,,,,,,,,,0.093,,,10.21,4394.01,110.01,98.62,,-10.4,4.3,-32.3,,,,,,,,,,,,,,,,,
